Başlık,Google Konum Araması,Adres,İlçe,Marka,Şarj Tipi,AC Soket,DC Soket,Soket Özeti,Maksimum Güç (kW),Şarj Ağı İşletmecisi,İstasyon No,Açıklama
Mersin Migros,"Mersin Migros, Hürriyet Mahallesi İsmet İnönü Caddesi No 300 Yenişehir, Mersin, Mersin, Türkiye","Hürriyet Mahallesi İsmet İnönü Caddesi No 300 Yenişehir, Mersin",Yenişehir,zes,DC,0,2,2 × CCS,60.0,ZES DİJİTAL TİCARET ANONİM ŞİRKETİ,ŞRJ/2188,"Marka: zes
İlçe: Yenişehir
Şarj tipi: DC
Soketler: 2 × CCS
Maksimum güç: 60.0 kW
Şarj ağı işletmecisi: ZES DİJİTAL TİCARET ANONİM ŞİRKETİ
İstasyon no: ŞRJ/2188"
MIGROS YENİŞEHİR MERSİN MM,"MIGROS YENİŞEHİR MERSİN MM, Hürriyet Mah Mahallesi No 300 Yenişehir, Mersin, Mersin, Türkiye","Hürriyet Mah Mahallesi No 300 Yenişehir, Mersin",Yenişehir,MİGGO,AC,1,0,1 × Type 2,22.0,MİGEN ENERJİ VE ELEKTRİKLİ ARAÇ ŞARJ HİZMETLERİ ANONİM ŞİRKETİ,ŞRJ/3455,"Marka: MİGGO
İlçe: Yenişehir
Şarj tipi: AC
Soketler: 1 × Type 2
Maksimum güç: 22.0 kW
Şarj ağı işletmecisi: MİGEN ENERJİ VE ELEKTRİKLİ ARAÇ ŞARJ HİZMETLERİ ANONİM ŞİRKETİ
İstasyon no: ŞRJ/3455"
TÜVTÜRK Araç Muayene İstasyonu-Silifke/MERSİN,"TÜVTÜRK Araç Muayene İstasyonu-Silifke/MERSİN, Yeni Mahallesi Malazgirt Sokak No 180 Merkez Silifke, Mersin, Mersin, Türkiye","Yeni Mahallesi Malazgirt Sokak No 180 Merkez Silifke, Mersin",Silifke,TÜVTURK,AC,1,0,1 × Type 2,22.0,TÜVTURK KUZEY TAŞIT MUAYENE İSTASYONLARI YAPIM VE İŞLETİM ANONİM ŞİRKETİ,ŞRJ/5620,"Marka: TÜVTURK
İlçe: Silifke
Şarj tipi: AC
Soketler: 1 × Type 2
Maksimum güç: 22.0 kW
Şarj ağı işletmecisi: TÜVTURK KUZEY TAŞIT MUAYENE İSTASYONLARI YAPIM VE İŞLETİM ANONİM ŞİRKETİ
İstasyon no: ŞRJ/5620"
Ebrişim Market,"Ebrişim Market, Tekmen Mahallesi İstiklal Caddesi No 114 Bozyazı, Mersin, Mersin, Türkiye","Tekmen Mahallesi İstiklal Caddesi No 114 Bozyazı, Mersin",Bozyazı,tunçmatik,AC,1,0,1 × Type 2,22.0,TUNÇMATİK ŞARJ TEKNOLOJİLERİ ANONİM ŞİRKETİ,ŞRJ/3666,"Marka: tunçmatik
İlçe: Bozyazı
Şarj tipi: AC
Soketler: 1 × Type 2
Maksimum güç: 22.0 kW
Şarj ağı işletmecisi: TUNÇMATİK ŞARJ TEKNOLOJİLERİ ANONİM ŞİRKETİ
İstasyon no: ŞRJ/3666"
ASTORŞARJ SAYAPARK AVM ELEKTRİKLİ ARAÇ ŞARJ İSTASYONU,"ASTORŞARJ SAYAPARK AVM ELEKTRİKLİ ARAÇ ŞARJ İSTASYONU, Akkent Mahallesi Hüseyin Okan Merzeci Sokak No 759 Yenişehir, Mersin, Mersin, Türkiye","Akkent Mahallesi Hüseyin Okan Merzeci Sokak No 759 Yenişehir, Mersin",Yenişehir,ASTOR,DC,0,2,2 × CCS,180.0,ASTOR ENERJİ ANONİM ŞİRKETİ,ŞRJ/4642,"Marka: ASTOR
İlçe: Yenişehir
Şarj tipi: DC
Soketler: 2 × CCS
Maksimum güç: 180.0 kW
Şarj ağı işletmecisi: ASTOR ENERJİ ANONİM ŞİRKETİ
İstasyon no: ŞRJ/4642"
ASTORŞARJ PALMCİTY AVM ELEKTRİKLİ ARAÇ ŞARJ İSTASYONU,"ASTORŞARJ PALMCİTY AVM ELEKTRİKLİ ARAÇ ŞARJ İSTASYONU, Limonluk Mahallesi Palm City Avm Sokak Yenişehir, Mersin, Mersin, Türkiye","Limonluk Mahallesi Palm City Avm Sokak Yenişehir, Mersin",Yenişehir,ASTOR,DC,0,2,2 × CCS,180.0,ASTOR ENERJİ ANONİM ŞİRKETİ,ŞRJ/4643,"Marka: ASTOR
İlçe: Yenişehir
Şarj tipi: DC
Soketler: 2 × CCS
Maksimum güç: 180.0 kW
Şarj ağı işletmecisi: ASTOR ENERJİ ANONİM ŞİRKETİ
İstasyon no: ŞRJ/4643"
Mersin Marina,"Mersin Marina, Eğriçam Mahallesi No 33A6 Yenişehir, Mersin, Mersin, Türkiye","Eğriçam Mahallesi No 33A6 Yenişehir, Mersin",Yenişehir,eşarj,AC + DC,2,2,"2 × CCS, 2 × Type 2",120.0,EŞARJ ELEKTRİKLİ ARAÇLAR ŞARJ SİSTEMLERİ ANONİM ŞİRKETİ,ŞRJ/435,"Marka: eşarj
İlçe: Yenişehir
Şarj tipi: AC + DC
Soketler: 2 × CCS, 2 × Type 2
Maksimum güç: 120.0 kW
Şarj ağı işletmecisi: EŞARJ ELEKTRİKLİ ARAÇLAR ŞARJ SİSTEMLERİ ANONİM ŞİRKETİ
İstasyon no: ŞRJ/435"
"Hilton, Mersin","Hilton, Mersin, Palmiye Mahallesi 1225 Sokak No 1 Yenişehir, Mersin, Mersin, Türkiye","Palmiye Mahallesi 1225 Sokak No 1 Yenişehir, Mersin",Yenişehir,eşarj,AC + DC,1,2,"2 × CCS, 1 × Type 2",120.0,EŞARJ ELEKTRİKLİ ARAÇLAR ŞARJ SİSTEMLERİ ANONİM ŞİRKETİ,ŞRJ/496,"Marka: eşarj
İlçe: Yenişehir
Şarj tipi: AC + DC
Soketler: 2 × CCS, 1 × Type 2
Maksimum güç: 120.0 kW
Şarj ağı işletmecisi: EŞARJ ELEKTRİKLİ ARAÇLAR ŞARJ SİSTEMLERİ ANONİM ŞİRKETİ
İstasyon no: ŞRJ/496"
"Otopratik, Mersin","Otopratik, Mersin, Merkez Mahallesi 52087 Sokak No 24 Mezitli, Mersin, Mersin, Türkiye","Merkez Mahallesi 52087 Sokak No 24 Mezitli, Mersin",Mezitli,eşarj,AC + DC,1,2,"1 × CCS, 1 × Type 2, 1 × CHAdeMO",50.0,EŞARJ ELEKTRİKLİ ARAÇLAR ŞARJ SİSTEMLERİ ANONİM ŞİRKETİ,ŞRJ/497,"Marka: eşarj
İlçe: Mezitli
Şarj tipi: AC + DC
Soketler: 1 × CCS, 1 × Type 2, 1 × CHAdeMO
Maksimum güç: 50.0 kW
Şarj ağı işletmecisi: EŞARJ ELEKTRİKLİ ARAÇLAR ŞARJ SİSTEMLERİ ANONİM ŞİRKETİ
İstasyon no: ŞRJ/497"
"Koluman Tarsus, Mersin","Koluman Tarsus, Mersin, Akdeniz Mahallesi Mersin Tarsus Karayolu Üzeri Caddesi No 2 Bağcılar Akdeniz, Mersin, Mersin, Türkiye","Akdeniz Mahallesi Mersin Tarsus Karayolu Üzeri Caddesi No 2 Bağcılar Akdeniz, Mersin",Akdeniz,eşarj,DC,0,2,2 × CCS,120.0,EŞARJ ELEKTRİKLİ ARAÇLAR ŞARJ SİSTEMLERİ ANONİM ŞİRKETİ,ŞRJ/2514,"Marka: eşarj
İlçe: Akdeniz
Şarj tipi: DC
Soketler: 2 × CCS
Maksimum güç: 120.0 kW
Şarj ağı işletmecisi: EŞARJ ELEKTRİKLİ ARAÇLAR ŞARJ SİSTEMLERİ ANONİM ŞİRKETİ
İstasyon no: ŞRJ/2514"
"Uçan Turizm, Mersin","Uçan Turizm, Mersin, Merkez Mahallesi Hüseyin Okan Merzeci Sokak No 85 Yenişehir, Mersin, Mersin, Türkiye","Merkez Mahallesi Hüseyin Okan Merzeci Sokak No 85 Yenişehir, Mersin",Yenişehir,eşarj,DC,0,2,2 × CCS,120.0,EŞARJ ELEKTRİKLİ ARAÇLAR ŞARJ SİSTEMLERİ ANONİM ŞİRKETİ,ŞRJ/2529,"Marka: eşarj
İlçe: Yenişehir
Şarj tipi: DC
Soketler: 2 × CCS
Maksimum güç: 120.0 kW
Şarj ağı işletmecisi: EŞARJ ELEKTRİKLİ ARAÇLAR ŞARJ SİSTEMLERİ ANONİM ŞİRKETİ
İstasyon no: ŞRJ/2529"
"Kemak Makine, Mersin","Kemak Makine, Mersin, Adnan Menderes Mahallesi İnönü Sokak No 1 Akdeniz, Mersin, Mersin, Türkiye","Adnan Menderes Mahallesi İnönü Sokak No 1 Akdeniz, Mersin",Akdeniz,eşarj,DC,0,2,2 × CCS,120.0,EŞARJ ELEKTRİKLİ ARAÇLAR ŞARJ SİSTEMLERİ ANONİM ŞİRKETİ,ŞRJ/2530,"Marka: eşarj
İlçe: Akdeniz
Şarj tipi: DC
Soketler: 2 × CCS
Maksimum güç: 120.0 kW
Şarj ağı işletmecisi: EŞARJ ELEKTRİKLİ ARAÇLAR ŞARJ SİSTEMLERİ ANONİM ŞİRKETİ
İstasyon no: ŞRJ/2530"
"Gürsoy Otomotiv, Mersin","Gürsoy Otomotiv, Mersin, Merkez Mahallesi No 872 Mezitli, Mersin, Mersin, Türkiye","Merkez Mahallesi No 872 Mezitli, Mersin",Mezitli,eşarj,AC,2,0,2 × Type 2,22.0,EŞARJ ELEKTRİKLİ ARAÇLAR ŞARJ SİSTEMLERİ ANONİM ŞİRKETİ,ŞRJ/2533,"Marka: eşarj
İlçe: Mezitli
Şarj tipi: AC
Soketler: 2 × Type 2
Maksimum güç: 22.0 kW
Şarj ağı işletmecisi: EŞARJ ELEKTRİKLİ ARAÇLAR ŞARJ SİSTEMLERİ ANONİM ŞİRKETİ
İstasyon no: ŞRJ/2533"
"Çayan Otomotiv, Mersin","Çayan Otomotiv, Mersin, Yunusemre Mahallesi 74 Sokak Tarsus, Mersin, Mersin, Türkiye","Yunusemre Mahallesi 74 Sokak Tarsus, Mersin",Tarsus,eşarj,DC,0,2,2 × CCS,90.0,EŞARJ ELEKTRİKLİ ARAÇLAR ŞARJ SİSTEMLERİ ANONİM ŞİRKETİ,ŞRJ/2960,"Marka: eşarj
İlçe: Tarsus
Şarj tipi: DC
Soketler: 2 × CCS
Maksimum güç: 90.0 kW
Şarj ağı işletmecisi: EŞARJ ELEKTRİKLİ ARAÇLAR ŞARJ SİSTEMLERİ ANONİM ŞİRKETİ
İstasyon no: ŞRJ/2960"
"Koluman Yenice, Mersin","Koluman Yenice, Mersin, Şahin Mahallesi No 386A Blok Tarsus, Mersin, Mersin, Türkiye","Şahin Mahallesi No 386A Blok Tarsus, Mersin",Tarsus,eşarj,DC,0,2,2 × CCS,120.0,EŞARJ ELEKTRİKLİ ARAÇLAR ŞARJ SİSTEMLERİ ANONİM ŞİRKETİ,ŞRJ/3201,"Marka: eşarj
İlçe: Tarsus
Şarj tipi: DC
Soketler: 2 × CCS
Maksimum güç: 120.0 kW
Şarj ağı işletmecisi: EŞARJ ELEKTRİKLİ ARAÇLAR ŞARJ SİSTEMLERİ ANONİM ŞİRKETİ
İstasyon no: ŞRJ/3201"
RAMADA BY WYNDHAM MERSİN,"RAMADA BY WYNDHAM MERSİN, Turgut Türkalp Mahallesi 79001 Sokak No 27 Merkez Toroslar, Mersin, Mersin, Türkiye","Turgut Türkalp Mahallesi 79001 Sokak No 27 Merkez Toroslar, Mersin",Toroslar,EN YAKIT,DC,0,2,2 × CCS,180.0,EN YAKIT ANONİM ŞİRKETİ,ŞRJ/6731,"Marka: EN YAKIT
İlçe: Toroslar
Şarj tipi: DC
Soketler: 2 × CCS
Maksimum güç: 180.0 kW
Şarj ağı işletmecisi: EN YAKIT ANONİM ŞİRKETİ
İstasyon no: ŞRJ/6731"
Yıldızgörer Oto,"Yıldızgörer Oto, Kuyuluk Mahallesi No 130 Mezitli, Mersin, Mersin, Türkiye","Kuyuluk Mahallesi No 130 Mezitli, Mersin",Mezitli,zes,DC,0,1,1 × CCS,180.0,ZES DİJİTAL TİCARET ANONİM ŞİRKETİ,ŞRJ/6891,"Marka: zes
İlçe: Mezitli
Şarj tipi: DC
Soketler: 1 × CCS
Maksimum güç: 180.0 kW
Şarj ağı işletmecisi: ZES DİJİTAL TİCARET ANONİM ŞİRKETİ
İstasyon no: ŞRJ/6891"
Shell Anamur,"Shell Anamur, Bahçelievler Mahallesi No 547/14 Anamur, Mersin, Mersin, Türkiye","Bahçelievler Mahallesi No 547/14 Anamur, Mersin",Anamur,Trugo,DC,0,4,4 × CCS,180.0,TRUGO AKILLI ŞARJ ÇÖZÜMLERİ SANAYİ VE TİCARET ANONİM ŞİRKETİ,ŞRJ/6972,"Marka: Trugo
İlçe: Anamur
Şarj tipi: DC
Soketler: 4 × CCS
Maksimum güç: 180.0 kW
Şarj ağı işletmecisi: TRUGO AKILLI ŞARJ ÇÖZÜMLERİ SANAYİ VE TİCARET ANONİM ŞİRKETİ
İstasyon no: ŞRJ/6972"
Kar Otel - Sultan Otel,"Kar Otel - Sultan Otel, Üçocak Mahallesi 5425 Sokak No 4 Akdeniz, Mersin, Mersin, Türkiye","Üçocak Mahallesi 5425 Sokak No 4 Akdeniz, Mersin",Akdeniz,zes,AC,2,0,2 × Type 2,22.0,ZES DİJİTAL TİCARET ANONİM ŞİRKETİ,ŞRJ/7015,"Marka: zes
İlçe: Akdeniz
Şarj tipi: AC
Soketler: 2 × Type 2
Maksimum güç: 22.0 kW
Şarj ağı işletmecisi: ZES DİJİTAL TİCARET ANONİM ŞİRKETİ
İstasyon no: ŞRJ/7015"
Metro Market Mersin,"Metro Market Mersin, 50. Yıl Mahallesi 13 Caddesi No 38 Yenişehir, Mersin, Mersin, Türkiye","50. Yıl Mahallesi 13 Caddesi No 38 Yenişehir, Mersin",Yenişehir,zes,AC + DC,4,2,"2 × CCS, 4 × Type 2",60.0,ZES DİJİTAL TİCARET ANONİM ŞİRKETİ,ŞRJ/7021,"Marka: zes
İlçe: Yenişehir
Şarj tipi: AC + DC
Soketler: 2 × CCS, 4 × Type 2
Maksimum güç: 60.0 kW
Şarj ağı işletmecisi: ZES DİJİTAL TİCARET ANONİM ŞİRKETİ
İstasyon no: ŞRJ/7021"
Otojet - Kürklü Petrol,"Otojet - Kürklü Petrol, 82 Evler Mahallesi Adana Sokak No 108 A Tarsus, Mersin, Mersin, Türkiye","82 Evler Mahallesi Adana Sokak No 108 A Tarsus, Mersin",Tarsus,Otojet,DC,0,2,2 × CCS,150.0,OTOJET ENERJİ SANAYİ VE TİCARET ANONİM ŞİRKETİ,ŞRJ/7806,"Marka: Otojet
İlçe: Tarsus
Şarj tipi: DC
Soketler: 2 × CCS
Maksimum güç: 150.0 kW
Şarj ağı işletmecisi: OTOJET ENERJİ SANAYİ VE TİCARET ANONİM ŞİRKETİ
İstasyon no: ŞRJ/7806"
Tarsus Ticaret Borsası,"Tarsus Ticaret Borsası, Şahin Mahallesi 3294 Sokak No 1 Tarsus, Mersin, Mersin, Türkiye","Şahin Mahallesi 3294 Sokak No 1 Tarsus, Mersin",Tarsus,Trugo,DC,0,2,2 × CCS,180.0,TRUGO AKILLI ŞARJ ÇÖZÜMLERİ SANAYİ VE TİCARET ANONİM ŞİRKETİ,ŞRJ/8041,"Marka: Trugo
İlçe: Tarsus
Şarj tipi: DC
Soketler: 2 × CCS
Maksimum güç: 180.0 kW
Şarj ağı işletmecisi: TRUGO AKILLI ŞARJ ÇÖZÜMLERİ SANAYİ VE TİCARET ANONİM ŞİRKETİ
İstasyon no: ŞRJ/8041"
Mersin Tenis Kulubü,"Mersin Tenis Kulubü, Pirireis Mahallesi 1139 Sokak No 1 Bucak Merkez Köyü Yenişehir, Mersin, Mersin, Türkiye","Pirireis Mahallesi 1139 Sokak No 1 Bucak Merkez Köyü Yenişehir, Mersin",Yenişehir,volti,AC,2,0,2 × Type 2,22.0,VOLNET ENERJİ SİSTEMLERİ SANAYİ TİCARET ANONİM ŞİRKETİ,ŞRJ/7439,"Marka: volti
İlçe: Yenişehir
Şarj tipi: AC
Soketler: 2 × Type 2
Maksimum güç: 22.0 kW
Şarj ağı işletmecisi: VOLNET ENERJİ SİSTEMLERİ SANAYİ TİCARET ANONİM ŞİRKETİ
İstasyon no: ŞRJ/7439"
BN Hotel Thermal & SPA,"BN Hotel Thermal & SPA, Iğıdır Mahallesi Iğıdır Sokak No 585 /A Akdeniz, Mersin, Mersin, Türkiye","Iğıdır Mahallesi Iğıdır Sokak No 585 /A Akdeniz, Mersin",Akdeniz,zes,AC,2,0,2 × Type 2,22.0,ZES DİJİTAL TİCARET ANONİM ŞİRKETİ,ŞRJ/1196,"Marka: zes
İlçe: Akdeniz
Şarj tipi: AC
Soketler: 2 × Type 2
Maksimum güç: 22.0 kW
Şarj ağı işletmecisi: ZES DİJİTAL TİCARET ANONİM ŞİRKETİ
İstasyon no: ŞRJ/1196"
Merih 2 Bosch Araç Servisi Mersin,"Merih 2 Bosch Araç Servisi Mersin, Atatürk Mahallesi No 20 Mezitli, Mersin, Mersin, Türkiye","Atatürk Mahallesi No 20 Mezitli, Mersin",Mezitli,zes,AC,2,0,2 × Type 2,22.0,ZES DİJİTAL TİCARET ANONİM ŞİRKETİ,ŞRJ/1201,"Marka: zes
İlçe: Mezitli
Şarj tipi: AC
Soketler: 2 × Type 2
Maksimum güç: 22.0 kW
Şarj ağı işletmecisi: ZES DİJİTAL TİCARET ANONİM ŞİRKETİ
İstasyon no: ŞRJ/1201"
Mersin Has Künefe Plus,"Mersin Has Künefe Plus, 50. Mahallesi A.kaya Mutlu Caddesi No 14 /A Yenişehir, Mersin, Mersin, Türkiye","50. Mahallesi A.kaya Mutlu Caddesi No 14 /A Yenişehir, Mersin",Yenişehir,zes,AC,2,0,2 × Type 2,22.0,ZES DİJİTAL TİCARET ANONİM ŞİRKETİ,ŞRJ/1202,"Marka: zes
İlçe: Yenişehir
Şarj tipi: AC
Soketler: 2 × Type 2
Maksimum güç: 22.0 kW
Şarj ağı işletmecisi: ZES DİJİTAL TİCARET ANONİM ŞİRKETİ
İstasyon no: ŞRJ/1202"
Ramada Resort By Wyndham Kızkalesi,"Ramada Resort By Wyndham Kızkalesi, Kızkalesi Mahallesi Kirazlı Caddesi No 45 /A Erdemli, Mersin, Mersin, Türkiye","Kızkalesi Mahallesi Kirazlı Caddesi No 45 /A Erdemli, Mersin",Erdemli,zes,AC,2,0,2 × Type 2,22.0,ZES DİJİTAL TİCARET ANONİM ŞİRKETİ,ŞRJ/1206,"Marka: zes
İlçe: Erdemli
Şarj tipi: AC
Soketler: 2 × Type 2
Maksimum güç: 22.0 kW
Şarj ağı işletmecisi: ZES DİJİTAL TİCARET ANONİM ŞİRKETİ
İstasyon no: ŞRJ/1206"
Sayapark AVM Mersin,"Sayapark AVM Mersin, Akkent Mahallesi No 759 /312 Yenişehir, Mersin, Mersin, Türkiye","Akkent Mahallesi No 759 /312 Yenişehir, Mersin",Yenişehir,zes,AC,2,0,2 × Type 2,22.0,ZES DİJİTAL TİCARET ANONİM ŞİRKETİ,ŞRJ/1209,"Marka: zes
İlçe: Yenişehir
Şarj tipi: AC
Soketler: 2 × Type 2
Maksimum güç: 22.0 kW
Şarj ağı işletmecisi: ZES DİJİTAL TİCARET ANONİM ŞİRKETİ
İstasyon no: ŞRJ/1209"
Ünlüselek Hotel Mersin,"Ünlüselek Hotel Mersin, Yalı Evleri Mahallesi 1620 Sokak No 12 /A Anamur, Mersin, Mersin, Türkiye","Yalı Evleri Mahallesi 1620 Sokak No 12 /A Anamur, Mersin",Anamur,zes,AC,2,0,2 × Type 2,22.0,ZES DİJİTAL TİCARET ANONİM ŞİRKETİ,ŞRJ/1213,"Marka: zes
İlçe: Anamur
Şarj tipi: AC
Soketler: 2 × Type 2
Maksimum güç: 22.0 kW
Şarj ağı işletmecisi: ZES DİJİTAL TİCARET ANONİM ŞİRKETİ
İstasyon no: ŞRJ/1213"
"Yağan Yem San., Mersin","Yağan Yem San., Mersin, Yarbay Şemsettin Mahallesi No 194/A Tarsus, Mersin, Mersin, Türkiye","Yarbay Şemsettin Mahallesi No 194/A Tarsus, Mersin",Tarsus,eşarj,AC + DC,1,2,"2 × CCS, 1 × Type 2",120.0,EŞARJ ELEKTRİKLİ ARAÇLAR ŞARJ SİSTEMLERİ ANONİM ŞİRKETİ,ŞRJ/8628,"Marka: eşarj
İlçe: Tarsus
Şarj tipi: AC + DC
Soketler: 2 × CCS, 1 × Type 2
Maksimum güç: 120.0 kW
Şarj ağı işletmecisi: EŞARJ ELEKTRİKLİ ARAÇLAR ŞARJ SİSTEMLERİ ANONİM ŞİRKETİ
İstasyon no: ŞRJ/8628"
ASTORŞARJ MERSİN BUMER DİNLENME TESİSİ,"ASTORŞARJ MERSİN BUMER DİNLENME TESİSİ, Hırmanlı Mahallesi Kemer Sokak No 12 Silifke, Mersin, Mersin, Türkiye","Hırmanlı Mahallesi Kemer Sokak No 12 Silifke, Mersin",Silifke,ASTOR,DC,0,4,4 × CCS,300.0,ASTOR ENERJİ ANONİM ŞİRKETİ,ŞRJ/8983,"Marka: ASTOR
İlçe: Silifke
Şarj tipi: DC
Soketler: 4 × CCS
Maksimum güç: 300.0 kW
Şarj ağı işletmecisi: ASTOR ENERJİ ANONİM ŞİRKETİ
İstasyon no: ŞRJ/8983"
"BARBAROSSA AC-1, AC-2","BARBAROSSA AC-1, AC-2, Akdeniz Mahallesi Çetin Özyaran Sokak No 16 Erdemli, Mersin, Mersin, Türkiye","Akdeniz Mahallesi Çetin Özyaran Sokak No 16 Erdemli, Mersin",Erdemli,beefull,AC,2,0,2 × Type 2,22.0,BEEFULL ENERJİ TEKNOLOJİLERİ ANONİM ŞİRKETİ,ŞRJ/9458,"Marka: beefull
İlçe: Erdemli
Şarj tipi: AC
Soketler: 2 × Type 2
Maksimum güç: 22.0 kW
Şarj ağı işletmecisi: BEEFULL ENERJİ TEKNOLOJİLERİ ANONİM ŞİRKETİ
İstasyon no: ŞRJ/9458"
Arcona / Othello Otel Mersin,"Arcona / Othello Otel Mersin, Cami Şerif Mahallesi 5248 Sokak No 3/A Akdeniz, Mersin, Mersin, Türkiye","Cami Şerif Mahallesi 5248 Sokak No 3/A Akdeniz, Mersin",Akdeniz,AARCONA,AC,1,0,1 × Type 2,22.0,ARCONA TEKNOLOJİ ANONİM ŞİRKETİ,ŞRJ/4311,"Marka: AARCONA
İlçe: Akdeniz
Şarj tipi: AC
Soketler: 1 × Type 2
Maksimum güç: 22.0 kW
Şarj ağı işletmecisi: ARCONA TEKNOLOJİ ANONİM ŞİRKETİ
İstasyon no: ŞRJ/4311"
Yenişehir Akademi,"Yenişehir Akademi, Pirireis Mahallesi 1131 Sokak Yenişehir, Mersin, Mersin, Türkiye","Pirireis Mahallesi 1131 Sokak Yenişehir, Mersin",Yenişehir,Electrise,AC,4,0,4 × Type 2,11.0,CHARGE TEKNOLOJİ SANAYİ VE TİCARET ANONİM ŞİRKETİ,ŞRJ/9707,"Marka: Electrise
İlçe: Yenişehir
Şarj tipi: AC
Soketler: 4 × Type 2
Maksimum güç: 11.0 kW
Şarj ağı işletmecisi: CHARGE TEKNOLOJİ SANAYİ VE TİCARET ANONİM ŞİRKETİ
İstasyon no: ŞRJ/9707"
Betem,"Betem, Fuatmorel Mahallesi No 2869 Yenişehir, Mersin, Mersin, Türkiye","Fuatmorel Mahallesi No 2869 Yenişehir, Mersin",Yenişehir,Electrise,AC,4,0,4 × Type 2,11.0,CHARGE TEKNOLOJİ SANAYİ VE TİCARET ANONİM ŞİRKETİ,ŞRJ/9708,"Marka: Electrise
İlçe: Yenişehir
Şarj tipi: AC
Soketler: 4 × Type 2
Maksimum güç: 11.0 kW
Şarj ağı işletmecisi: CHARGE TEKNOLOJİ SANAYİ VE TİCARET ANONİM ŞİRKETİ
İstasyon no: ŞRJ/9708"
Betem Menteş,"Betem Menteş, Menteş Mahallesi 2538 Sokak No 4 Yenişehir, Mersin, Mersin, Türkiye","Menteş Mahallesi 2538 Sokak No 4 Yenişehir, Mersin",Yenişehir,Electrise,AC,3,0,3 × Type 2,11.0,CHARGE TEKNOLOJİ SANAYİ VE TİCARET ANONİM ŞİRKETİ,ŞRJ/9711,"Marka: Electrise
İlçe: Yenişehir
Şarj tipi: AC
Soketler: 3 × Type 2
Maksimum güç: 11.0 kW
Şarj ağı işletmecisi: CHARGE TEKNOLOJİ SANAYİ VE TİCARET ANONİM ŞİRKETİ
İstasyon no: ŞRJ/9711"
Özgecan Etüt,"Özgecan Etüt, Barbaros Mahallesi 2146 Sokak No 1A Yenişehir, Mersin, Mersin, Türkiye","Barbaros Mahallesi 2146 Sokak No 1A Yenişehir, Mersin",Yenişehir,Electrise,AC,2,0,2 × Type 2,11.0,CHARGE TEKNOLOJİ SANAYİ VE TİCARET ANONİM ŞİRKETİ,ŞRJ/9712,"Marka: Electrise
İlçe: Yenişehir
Şarj tipi: AC
Soketler: 2 × Type 2
Maksimum güç: 11.0 kW
Şarj ağı işletmecisi: CHARGE TEKNOLOJİ SANAYİ VE TİCARET ANONİM ŞİRKETİ
İstasyon no: ŞRJ/9712"
Özgecan Spor Kompleksi,"Özgecan Spor Kompleksi, Barbaros Mahallesi 2181 Sokak No 8 Yenişehir, Mersin, Mersin, Türkiye","Barbaros Mahallesi 2181 Sokak No 8 Yenişehir, Mersin",Yenişehir,Electrise,AC,2,0,2 × Type 2,3.4,CHARGE TEKNOLOJİ SANAYİ VE TİCARET ANONİM ŞİRKETİ,ŞRJ/9715,"Marka: Electrise
İlçe: Yenişehir
Şarj tipi: AC
Soketler: 2 × Type 2
Maksimum güç: 3.4 kW
Şarj ağı işletmecisi: CHARGE TEKNOLOJİ SANAYİ VE TİCARET ANONİM ŞİRKETİ
İstasyon no: ŞRJ/9715"
Atatürk Kültür Merkezi,"Atatürk Kültür Merkezi, Limonluk Mahallesi Ali Kaya Mutlu Sokak No 11 Merkez Yenişehir, Mersin, Mersin, Türkiye","Limonluk Mahallesi Ali Kaya Mutlu Sokak No 11 Merkez Yenişehir, Mersin",Yenişehir,Electrise,AC + DC,4,4,"4 × CCS, 4 × Type 2",60.0,CHARGE TEKNOLOJİ SANAYİ VE TİCARET ANONİM ŞİRKETİ,ŞRJ/10088,"Marka: Electrise
İlçe: Yenişehir
Şarj tipi: AC + DC
Soketler: 4 × CCS, 4 × Type 2
Maksimum güç: 60.0 kW
Şarj ağı işletmecisi: CHARGE TEKNOLOJİ SANAYİ VE TİCARET ANONİM ŞİRKETİ
İstasyon no: ŞRJ/10088"
"Civil- Akdeniz, Mersin","Civil- Akdeniz, Mersin, İhsaniye Mahallesi Zeytinlibahçe Caddesi Akdeniz, Mersin, Mersin, Türkiye","İhsaniye Mahallesi Zeytinlibahçe Caddesi Akdeniz, Mersin",Akdeniz,eşarj,AC,2,0,2 × Type 2,22.0,EŞARJ ELEKTRİKLİ ARAÇLAR ŞARJ SİSTEMLERİ ANONİM ŞİRKETİ,ŞRJ/10289,"Marka: eşarj
İlçe: Akdeniz
Şarj tipi: AC
Soketler: 2 × Type 2
Maksimum güç: 22.0 kW
Şarj ağı işletmecisi: EŞARJ ELEKTRİKLİ ARAÇLAR ŞARJ SİSTEMLERİ ANONİM ŞİRKETİ
İstasyon no: ŞRJ/10289"
MERSİN MARİNA OTEL,"MERSİN MARİNA OTEL, Eğriçam Mahallesi 2204 Sokak No 9 Yenişehir, Mersin, Mersin, Türkiye","Eğriçam Mahallesi 2204 Sokak No 9 Yenişehir, Mersin",Yenişehir,EN YAKIT,DC,0,2,2 × CCS,180.0,EN YAKIT ANONİM ŞİRKETİ,ŞRJ/10587,"Marka: EN YAKIT
İlçe: Yenişehir
Şarj tipi: DC
Soketler: 2 × CCS
Maksimum güç: 180.0 kW
Şarj ağı işletmecisi: EN YAKIT ANONİM ŞİRKETİ
İstasyon no: ŞRJ/10587"
"İsa-Ufuk Otomotiv, Mersin","İsa-Ufuk Otomotiv, Mersin, Bahçelievler Mahallesi No 15/A Anamur, Mersin, Mersin, Türkiye","Bahçelievler Mahallesi No 15/A Anamur, Mersin",Anamur,eşarj,DC,0,2,2 × CCS,120.0,EŞARJ ELEKTRİKLİ ARAÇLAR ŞARJ SİSTEMLERİ ANONİM ŞİRKETİ,ŞRJ/10819,"Marka: eşarj
İlçe: Anamur
Şarj tipi: DC
Soketler: 2 × CCS
Maksimum güç: 120.0 kW
Şarj ağı işletmecisi: EŞARJ ELEKTRİKLİ ARAÇLAR ŞARJ SİSTEMLERİ ANONİM ŞİRKETİ
İstasyon no: ŞRJ/10819"
Otojet - Kayıkçıoğlu Petrol,"Otojet - Kayıkçıoğlu Petrol, Arpaçbahşiş Mahallesi 201 Sokak No 102 B1/1 Erdemli, Mersin, Mersin, Türkiye","Arpaçbahşiş Mahallesi 201 Sokak No 102 B1/1 Erdemli, Mersin",Erdemli,Otojet,DC,0,2,2 × CCS,150.0,OTOJET ENERJİ SANAYİ VE TİCARET ANONİM ŞİRKETİ,ŞRJ/11076,"Marka: Otojet
İlçe: Erdemli
Şarj tipi: DC
Soketler: 2 × CCS
Maksimum güç: 150.0 kW
Şarj ağı işletmecisi: OTOJET ENERJİ SANAYİ VE TİCARET ANONİM ŞİRKETİ
İstasyon no: ŞRJ/11076"
PARK POİNT CAFE BOZYAZI,"PARK POİNT CAFE BOZYAZI, Beyreli Mahallesi 321 Caddesi No 3 Bozyazı, Mersin, Mersin, Türkiye","Beyreli Mahallesi 321 Caddesi No 3 Bozyazı, Mersin",Bozyazı,EN YAKIT,DC,0,2,2 × CCS,180.0,EN YAKIT ANONİM ŞİRKETİ,ŞRJ/11089,"Marka: EN YAKIT
İlçe: Bozyazı
Şarj tipi: DC
Soketler: 2 × CCS
Maksimum güç: 180.0 kW
Şarj ağı işletmecisi: EN YAKIT ANONİM ŞİRKETİ
İstasyon no: ŞRJ/11089"
Mersin Palm City AVM,"Mersin Palm City AVM, Limonluk Mahallesi 36Caddesi No 2 Yenişehir, Mersin, Mersin, Türkiye","Limonluk Mahallesi 36Caddesi No 2 Yenişehir, Mersin",Yenişehir,Trugo,DC,0,2,2 × CCS,180.0,TRUGO AKILLI ŞARJ ÇÖZÜMLERİ SANAYİ VE TİCARET ANONİM ŞİRKETİ,ŞRJ/11165,"Marka: Trugo
İlçe: Yenişehir
Şarj tipi: DC
Soketler: 2 × CCS
Maksimum güç: 180.0 kW
Şarj ağı işletmecisi: TRUGO AKILLI ŞARJ ÇÖZÜMLERİ SANAYİ VE TİCARET ANONİM ŞİRKETİ
İstasyon no: ŞRJ/11165"
Anemon Otel Mersin,"Anemon Otel Mersin, Çiflikköy Mahallesi İstemihan Talay Sokak No 205 Yenişehir, Mersin, Mersin, Türkiye","Çiflikköy Mahallesi İstemihan Talay Sokak No 205 Yenişehir, Mersin",Yenişehir,zes,DC,0,2,2 × CCS,60.0,ZES DİJİTAL TİCARET ANONİM ŞİRKETİ,ŞRJ/8295,"Marka: zes
İlçe: Yenişehir
Şarj tipi: DC
Soketler: 2 × CCS
Maksimum güç: 60.0 kW
Şarj ağı işletmecisi: ZES DİJİTAL TİCARET ANONİM ŞİRKETİ
İstasyon no: ŞRJ/8295"
FORUM DİYARBAKIR AVM-AÇIK OTOPARK,"FORUM DİYARBAKIR AVM-AÇIK OTOPARK, Fabrika Mahallesi No 165 Yenişehir, Mersin, Mersin, Türkiye","Fabrika Mahallesi No 165 Yenişehir, Mersin",Yenişehir,zes,DC,0,4,4 × CCS,60.0,ZES DİJİTAL TİCARET ANONİM ŞİRKETİ,ŞRJ/1764,"Marka: zes
İlçe: Yenişehir
Şarj tipi: DC
Soketler: 4 × CCS
Maksimum güç: 60.0 kW
Şarj ağı işletmecisi: ZES DİJİTAL TİCARET ANONİM ŞİRKETİ
İstasyon no: ŞRJ/1764"
Anamed Hastanesi,"Anamed Hastanesi, Bahçelievler Mahallesi Ahmet Yesevi Sokak No 29/A Anamur, Mersin, Mersin, Türkiye","Bahçelievler Mahallesi Ahmet Yesevi Sokak No 29/A Anamur, Mersin",Anamur,3a,DC,0,2,2 × CCS,180.0,MAS SINAİ VE TİCARİ YATIRIMLAR ANONİM ŞİRKETİ,ŞRJ/11244,"Marka: 3a
İlçe: Anamur
Şarj tipi: DC
Soketler: 2 × CCS
Maksimum güç: 180.0 kW
Şarj ağı işletmecisi: MAS SINAİ VE TİCARİ YATIRIMLAR ANONİM ŞİRKETİ
İstasyon no: ŞRJ/11244"
Tarsu AVM Mersin,"Tarsu AVM Mersin, Fevziçakmak Mahallesi Tarsus, Mersin, Mersin, Türkiye","Fevziçakmak Mahallesi Tarsus, Mersin",Tarsus,zes,DC,0,2,2 × CCS,180.0,ZES DİJİTAL TİCARET ANONİM ŞİRKETİ,ŞRJ/1211,"Marka: zes
İlçe: Tarsus
Şarj tipi: DC
Soketler: 2 × CCS
Maksimum güç: 180.0 kW
Şarj ağı işletmecisi: ZES DİJİTAL TİCARET ANONİM ŞİRKETİ
İstasyon no: ŞRJ/1211"
22 HARFLİ ŞARJ İSTASYONU,"22 HARFLİ ŞARJ İSTASYONU, Tosmurlu Mahallesi Köy Sokak No 650 Silifke, Mersin, Mersin, Türkiye","Tosmurlu Mahallesi Köy Sokak No 650 Silifke, Mersin",Silifke,ORBİT ENERJİ HAB. TEK. SAN. VE TİC. A.Ş.,AC + DC,2,2,"2 × CCS, 2 × Type 2",160.0,ORBİT ENERJİ HABERLEŞME TEKNOLOJİ SANAYİ VE TİCARET ANONİM ŞİRKETİ,ŞRJ/12241,"Marka: ORBİT ENERJİ HAB. TEK. SAN. VE TİC. A.Ş.
İlçe: Silifke
Şarj tipi: AC + DC
Soketler: 2 × CCS, 2 × Type 2
Maksimum güç: 160.0 kW
Şarj ağı işletmecisi: ORBİT ENERJİ HABERLEŞME TEKNOLOJİ SANAYİ VE TİCARET ANONİM ŞİRKETİ
İstasyon no: ŞRJ/12241"
"Çetinkaya AVM, Mersin","Çetinkaya AVM, Mersin, Turgutreis Mahallesi Akdeniz, Mersin, Mersin, Türkiye","Turgutreis Mahallesi Akdeniz, Mersin",Akdeniz,eşarj,DC,0,4,4 × CCS,90.0,EŞARJ ELEKTRİKLİ ARAÇLAR ŞARJ SİSTEMLERİ ANONİM ŞİRKETİ,ŞRJ/12443,"Marka: eşarj
İlçe: Akdeniz
Şarj tipi: DC
Soketler: 4 × CCS
Maksimum güç: 90.0 kW
Şarj ağı işletmecisi: EŞARJ ELEKTRİKLİ ARAÇLAR ŞARJ SİSTEMLERİ ANONİM ŞİRKETİ
İstasyon no: ŞRJ/12443"
"Carrefoursa, Göçmen, Mersin","Carrefoursa, Göçmen, Mersin, Eğriçam Mahallesi No 512 Yenişehir, Mersin, Mersin, Türkiye","Eğriçam Mahallesi No 512 Yenişehir, Mersin",Yenişehir,eşarj,DC,0,3,3 × CCS,120.0,EŞARJ ELEKTRİKLİ ARAÇLAR ŞARJ SİSTEMLERİ ANONİM ŞİRKETİ,ŞRJ/12451,"Marka: eşarj
İlçe: Yenişehir
Şarj tipi: DC
Soketler: 3 × CCS
Maksimum güç: 120.0 kW
Şarj ağı işletmecisi: EŞARJ ELEKTRİKLİ ARAÇLAR ŞARJ SİSTEMLERİ ANONİM ŞİRKETİ
İstasyon no: ŞRJ/12451"
BUSE MOBİLYA - MONDİ,"BUSE MOBİLYA - MONDİ, Alata Mahallesi No 320A Erdemli, Mersin, Mersin, Türkiye","Alata Mahallesi No 320A Erdemli, Mersin",Erdemli,enertürk rhg enerji,DC,0,2,2 × CCS,120.0,RHG ENERTÜRK ENERJİ ÜRETİM VE TİCARET ANONİM ŞİRKETİ,ŞRJ/12558,"Marka: enertürk rhg enerji
İlçe: Erdemli
Şarj tipi: DC
Soketler: 2 × CCS
Maksimum güç: 120.0 kW
Şarj ağı işletmecisi: RHG ENERTÜRK ENERJİ ÜRETİM VE TİCARET ANONİM ŞİRKETİ
İstasyon no: ŞRJ/12558"
SÜHA MOBİLYA - İSTİKBAL,"SÜHA MOBİLYA - İSTİKBAL, Alata Mahallesi No 356A Erdemli, Mersin, Mersin, Türkiye","Alata Mahallesi No 356A Erdemli, Mersin",Erdemli,enertürk rhg enerji,DC,0,2,2 × CCS,120.0,RHG ENERTÜRK ENERJİ ÜRETİM VE TİCARET ANONİM ŞİRKETİ,ŞRJ/12559,"Marka: enertürk rhg enerji
İlçe: Erdemli
Şarj tipi: DC
Soketler: 2 × CCS
Maksimum güç: 120.0 kW
Şarj ağı işletmecisi: RHG ENERTÜRK ENERJİ ÜRETİM VE TİCARET ANONİM ŞİRKETİ
İstasyon no: ŞRJ/12559"
ÖZSAVRANLAR MOBİLYA - BELLONA,"ÖZSAVRANLAR MOBİLYA - BELLONA, Yeni Mahallesi No 667A Mezitli, Mersin, Mersin, Türkiye","Yeni Mahallesi No 667A Mezitli, Mersin",Mezitli,enertürk rhg enerji,DC,0,2,2 × CCS,120.0,RHG ENERTÜRK ENERJİ ÜRETİM VE TİCARET ANONİM ŞİRKETİ,ŞRJ/12560,"Marka: enertürk rhg enerji
İlçe: Mezitli
Şarj tipi: DC
Soketler: 2 × CCS
Maksimum güç: 120.0 kW
Şarj ağı işletmecisi: RHG ENERTÜRK ENERJİ ÜRETİM VE TİCARET ANONİM ŞİRKETİ
İstasyon no: ŞRJ/12560"
Shell 34. Cadde Mersin,"Shell 34. Cadde Mersin, Çiftlikköy Mahallesi 34 Caddesi No 51 Yenişehir, Mersin, Mersin, Türkiye","Çiftlikköy Mahallesi 34 Caddesi No 51 Yenişehir, Mersin",Yenişehir,SHELL,DC,0,2,2 × CCS,120.0,SHELL & TURCAS PETROL ANONİM ŞİRKETİ,ŞRJ/12602,"Marka: SHELL
İlçe: Yenişehir
Şarj tipi: DC
Soketler: 2 × CCS
Maksimum güç: 120.0 kW
Şarj ağı işletmecisi: SHELL & TURCAS PETROL ANONİM ŞİRKETİ
İstasyon no: ŞRJ/12602"
Mersin-Mezitli-Huköy Doğa Oteli,"Mersin-Mezitli-Huköy Doğa Oteli, Akarca Mahallesi Akarca Sokak No 130/4 Mezitli, Mersin, Mersin, Türkiye","Akarca Mahallesi Akarca Sokak No 130/4 Mezitli, Mersin",Mezitli,VOLTGO,DC,0,1,1 × CCS,60.0,VOLTGO ŞARJ HİZMETLERİ ANONİM ŞİRKETİ,ŞRJ/12629,"Marka: VOLTGO
İlçe: Mezitli
Şarj tipi: DC
Soketler: 1 × CCS
Maksimum güç: 60.0 kW
Şarj ağı işletmecisi: VOLTGO ŞARJ HİZMETLERİ ANONİM ŞİRKETİ
İstasyon no: ŞRJ/12629"
HUKÖY DOĞA OTELİ,"HUKÖY DOĞA OTELİ, Akarca Mahallesi Akarca Sokak No 130/4 Mezitli, Mersin, Mersin, Türkiye","Akarca Mahallesi Akarca Sokak No 130/4 Mezitli, Mersin",Mezitli,VOLTRUN,AC,2,0,2 × Type 2,22.0,VOLTRUN ENERJİ ANONİM ŞİRKETİ,ŞRJ/12810,"Marka: VOLTRUN
İlçe: Mezitli
Şarj tipi: AC
Soketler: 2 × Type 2
Maksimum güç: 22.0 kW
Şarj ağı işletmecisi: VOLTRUN ENERJİ ANONİM ŞİRKETİ
İstasyon no: ŞRJ/12810"
"Petak Akaryakıt, Mersin","Petak Akaryakıt, Mersin, Karsavran Mahallesi Karsavran Sokak Tarsus, Mersin, Mersin, Türkiye","Karsavran Mahallesi Karsavran Sokak Tarsus, Mersin",Tarsus,eşarj,DC,0,4,4 × CCS,120.0,EŞARJ ELEKTRİKLİ ARAÇLAR ŞARJ SİSTEMLERİ ANONİM ŞİRKETİ,ŞRJ/12922,"Marka: eşarj
İlçe: Tarsus
Şarj tipi: DC
Soketler: 4 × CCS
Maksimum güç: 120.0 kW
Şarj ağı işletmecisi: EŞARJ ELEKTRİKLİ ARAÇLAR ŞARJ SİSTEMLERİ ANONİM ŞİRKETİ
İstasyon no: ŞRJ/12922"
FORUM YAŞAM HASTANESİ,"FORUM YAŞAM HASTANESİ, Güvenevler Mahallesi 20 Caddesi No 48 Yenişehir, Mersin, Mersin, Türkiye","Güvenevler Mahallesi 20 Caddesi No 48 Yenişehir, Mersin",Yenişehir,EN YAKIT,DC,0,2,2 × CCS,180.0,EN YAKIT ANONİM ŞİRKETİ,ŞRJ/13110,"Marka: EN YAKIT
İlçe: Yenişehir
Şarj tipi: DC
Soketler: 2 × CCS
Maksimum güç: 180.0 kW
Şarj ağı işletmecisi: EN YAKIT ANONİM ŞİRKETİ
İstasyon no: ŞRJ/13110"
"Carrefoursa, Limonlu, Mersin","Carrefoursa, Limonlu, Mersin, Limonlu Mahallesi Milli Egemenlik 3 Caddesi No 74 Erdemli, Mersin, Mersin, Türkiye","Limonlu Mahallesi Milli Egemenlik 3 Caddesi No 74 Erdemli, Mersin",Erdemli,eşarj,DC,0,2,2 × CCS,60.0,EŞARJ ELEKTRİKLİ ARAÇLAR ŞARJ SİSTEMLERİ ANONİM ŞİRKETİ,ŞRJ/13182,"Marka: eşarj
İlçe: Erdemli
Şarj tipi: DC
Soketler: 2 × CCS
Maksimum güç: 60.0 kW
Şarj ağı işletmecisi: EŞARJ ELEKTRİKLİ ARAÇLAR ŞARJ SİSTEMLERİ ANONİM ŞİRKETİ
İstasyon no: ŞRJ/13182"
MİS EKMEK ŞARJ İSTASYONU,"MİS EKMEK ŞARJ İSTASYONU, Atayurt Mahallesi 127-2 Sokak No 2/3 Merkez Silifke, Mersin, Mersin, Türkiye","Atayurt Mahallesi 127-2 Sokak No 2/3 Merkez Silifke, Mersin",Silifke,ORBİT ENERJİ HAB. TEK. SAN. VE TİC. A.Ş.,AC + DC,2,2,"2 × CCS, 2 × Type 2",160.0,ORBİT ENERJİ HABERLEŞME TEKNOLOJİ SANAYİ VE TİCARET ANONİM ŞİRKETİ,ŞRJ/13143,"Marka: ORBİT ENERJİ HAB. TEK. SAN. VE TİC. A.Ş.
İlçe: Silifke
Şarj tipi: AC + DC
Soketler: 2 × CCS, 2 × Type 2
Maksimum güç: 160.0 kW
Şarj ağı işletmecisi: ORBİT ENERJİ HABERLEŞME TEKNOLOJİ SANAYİ VE TİCARET ANONİM ŞİRKETİ
İstasyon no: ŞRJ/13143"
AC LİPARİS 5- 1/2/3,"AC LİPARİS 5- 1/2/3, Çeşmeli Mah. Mahallesi Sahil Caddesi Caddesi No 6 Erdemli, Mersin, Mersin, Türkiye","Çeşmeli Mah. Mahallesi Sahil Caddesi Caddesi No 6 Erdemli, Mersin",Erdemli,MYCHARGE,AC,3,0,3 × Type 2,22.0,MANAS İPLİK SANAYİ VE TİCARET ANONİM ŞİRKETİ,ŞRJ/13407,"Marka: MYCHARGE
İlçe: Erdemli
Şarj tipi: AC
Soketler: 3 × Type 2
Maksimum güç: 22.0 kW
Şarj ağı işletmecisi: MANAS İPLİK SANAYİ VE TİCARET ANONİM ŞİRKETİ
İstasyon no: ŞRJ/13407"
MERSİN TARSUS OSB 1. BÖLGE,"MERSİN TARSUS OSB 1. BÖLGE, Nacarlı Osb Mahallesi 3Caddesi No 2A Akdeniz, Mersin, Mersin, Türkiye","Nacarlı Osb Mahallesi 3Caddesi No 2A Akdeniz, Mersin",Akdeniz,ovolt,DC,0,2,2 × CCS,180.0,OVOLT ŞARJ TEKNOLOJİLERİ SANAYİ VE TİCARET ANONİM ŞİRKETİ,ŞRJ/13592,"Marka: ovolt
İlçe: Akdeniz
Şarj tipi: DC
Soketler: 2 × CCS
Maksimum güç: 180.0 kW
Şarj ağı işletmecisi: OVOLT ŞARJ TEKNOLOJİLERİ SANAYİ VE TİCARET ANONİM ŞİRKETİ
İstasyon no: ŞRJ/13592"
MERSİN TARSUS OSB 2. BÖLGE,"MERSİN TARSUS OSB 2. BÖLGE, Burhan Osb Mahallesi No 10 Akdeniz, Mersin, Mersin, Türkiye","Burhan Osb Mahallesi No 10 Akdeniz, Mersin",Akdeniz,ovolt,DC,0,2,2 × CCS,180.0,OVOLT ŞARJ TEKNOLOJİLERİ SANAYİ VE TİCARET ANONİM ŞİRKETİ,ŞRJ/13593,"Marka: ovolt
İlçe: Akdeniz
Şarj tipi: DC
Soketler: 2 × CCS
Maksimum güç: 180.0 kW
Şarj ağı işletmecisi: OVOLT ŞARJ TEKNOLOJİLERİ SANAYİ VE TİCARET ANONİM ŞİRKETİ
İstasyon no: ŞRJ/13593"
Aslangil Dinlenme Tesisleri,"Aslangil Dinlenme Tesisleri, Denizciler Mahallesi 217 Sokak Bozyazı, Mersin, Mersin, Türkiye","Denizciler Mahallesi 217 Sokak Bozyazı, Mersin",Bozyazı,Trugo,DC,0,2,2 × CCS,180.0,TRUGO AKILLI ŞARJ ÇÖZÜMLERİ SANAYİ VE TİCARET ANONİM ŞİRKETİ,ŞRJ/13750,"Marka: Trugo
İlçe: Bozyazı
Şarj tipi: DC
Soketler: 2 × CCS
Maksimum güç: 180.0 kW
Şarj ağı işletmecisi: TRUGO AKILLI ŞARJ ÇÖZÜMLERİ SANAYİ VE TİCARET ANONİM ŞİRKETİ
İstasyon no: ŞRJ/13750"
CHARGELAB - ÖZTOPRAKLAR KİA,"CHARGELAB - ÖZTOPRAKLAR KİA, Seymenli Mahallesi No 1009/A Mezitli, Mersin, Mersin, Türkiye","Seymenli Mahallesi No 1009/A Mezitli, Mersin",Mezitli,B-CHARGE,DC,0,2,2 × CCS,180.0,CHARGE LABORATORY MOBİLİTY TEKNOLOJİ ANONİM ŞİRKETİ,ŞRJ/13915,"Marka: B-CHARGE
İlçe: Mezitli
Şarj tipi: DC
Soketler: 2 × CCS
Maksimum güç: 180.0 kW
Şarj ağı işletmecisi: CHARGE LABORATORY MOBİLİTY TEKNOLOJİ ANONİM ŞİRKETİ
İstasyon no: ŞRJ/13915"
Shell Eski Otogar,"Shell Eski Otogar, Mithatpaşa Mahallesi 5511 Sokak No 9/1 Akdeniz, Mersin, Mersin, Türkiye","Mithatpaşa Mahallesi 5511 Sokak No 9/1 Akdeniz, Mersin",Akdeniz,Trugo,DC,0,2,2 × CCS,180.0,TRUGO AKILLI ŞARJ ÇÖZÜMLERİ SANAYİ VE TİCARET ANONİM ŞİRKETİ,ŞRJ/14082,"Marka: Trugo
İlçe: Akdeniz
Şarj tipi: DC
Soketler: 2 × CCS
Maksimum güç: 180.0 kW
Şarj ağı işletmecisi: TRUGO AKILLI ŞARJ ÇÖZÜMLERİ SANAYİ VE TİCARET ANONİM ŞİRKETİ
İstasyon no: ŞRJ/14082"
3E Petrol,"3E Petrol, Alsancak Mahallesi Gazi Mustafa Kemal Sokak No 222 Toroslar, Mersin, Mersin, Türkiye","Alsancak Mahallesi Gazi Mustafa Kemal Sokak No 222 Toroslar, Mersin",Toroslar,ovolt,AC,2,0,2 × Type 2,22.0,OVOLT ŞARJ TEKNOLOJİLERİ SANAYİ VE TİCARET ANONİM ŞİRKETİ,ŞRJ/14108,"Marka: ovolt
İlçe: Toroslar
Şarj tipi: AC
Soketler: 2 × Type 2
Maksimum güç: 22.0 kW
Şarj ağı işletmecisi: OVOLT ŞARJ TEKNOLOJİLERİ SANAYİ VE TİCARET ANONİM ŞİRKETİ
İstasyon no: ŞRJ/14108"
OZT Petrol Mersin,"OZT Petrol Mersin, Çiftlikköy Mahallesi Hüseyin Okan Merkezci Sokak No 698 Yenişehir, Mersin, Mersin, Türkiye","Çiftlikköy Mahallesi Hüseyin Okan Merkezci Sokak No 698 Yenişehir, Mersin",Yenişehir,ovolt,AC,1,0,1 × Type 2,22.0,OVOLT ŞARJ TEKNOLOJİLERİ SANAYİ VE TİCARET ANONİM ŞİRKETİ,ŞRJ/14109,"Marka: ovolt
İlçe: Yenişehir
Şarj tipi: AC
Soketler: 1 × Type 2
Maksimum güç: 22.0 kW
Şarj ağı işletmecisi: OVOLT ŞARJ TEKNOLOJİLERİ SANAYİ VE TİCARET ANONİM ŞİRKETİ
İstasyon no: ŞRJ/14109"
"Carrefoursa, Fuat Moral, Mersin","Carrefoursa, Fuat Moral, Mersin, Fuatmorel Mahallesi No 344/A Yenişehir, Mersin, Mersin, Türkiye","Fuatmorel Mahallesi No 344/A Yenişehir, Mersin",Yenişehir,eşarj,AC + DC,1,2,"2 × CCS, 1 × Type 2",60.0,EŞARJ ELEKTRİKLİ ARAÇLAR ŞARJ SİSTEMLERİ ANONİM ŞİRKETİ,ŞRJ/14171,"Marka: eşarj
İlçe: Yenişehir
Şarj tipi: AC + DC
Soketler: 2 × CCS, 1 × Type 2
Maksimum güç: 60.0 kW
Şarj ağı işletmecisi: EŞARJ ELEKTRİKLİ ARAÇLAR ŞARJ SİSTEMLERİ ANONİM ŞİRKETİ
İstasyon no: ŞRJ/14171"
"Hyundai Derya Drc Otomotiv, Mersin","Hyundai Derya Drc Otomotiv, Mersin, Fatih Mahallesi No A1 Blok No 1 Oktay Öner Sitesi Mezitli, Mersin, Mersin, Türkiye","Fatih Mahallesi No A1 Blok No 1 Oktay Öner Sitesi Mezitli, Mersin",Mezitli,eşarj,DC,0,2,2 × CCS,120.0,EŞARJ ELEKTRİKLİ ARAÇLAR ŞARJ SİSTEMLERİ ANONİM ŞİRKETİ,ŞRJ/14176,"Marka: eşarj
İlçe: Mezitli
Şarj tipi: DC
Soketler: 2 × CCS
Maksimum güç: 120.0 kW
Şarj ağı işletmecisi: EŞARJ ELEKTRİKLİ ARAÇLAR ŞARJ SİSTEMLERİ ANONİM ŞİRKETİ
İstasyon no: ŞRJ/14176"
"Carrefoursa, Mezitli Süper, Mersin","Carrefoursa, Mezitli Süper, Mersin, Viranşehir Mahallesi Cengiz Topel Sokak No 68 Şahin Rezidans Mezitli, Mersin, Mersin, Türkiye","Viranşehir Mahallesi Cengiz Topel Sokak No 68 Şahin Rezidans Mezitli, Mersin",Mezitli,eşarj,DC,0,2,2 × CCS,180.0,EŞARJ ELEKTRİKLİ ARAÇLAR ŞARJ SİSTEMLERİ ANONİM ŞİRKETİ,ŞRJ/14183,"Marka: eşarj
İlçe: Mezitli
Şarj tipi: DC
Soketler: 2 × CCS
Maksimum güç: 180.0 kW
Şarj ağı işletmecisi: EŞARJ ELEKTRİKLİ ARAÇLAR ŞARJ SİSTEMLERİ ANONİM ŞİRKETİ
İstasyon no: ŞRJ/14183"
"Semt Yeniköy Ofis, Mersin","Semt Yeniköy Ofis, Mersin, Limonluk Mahallesi 2410 Sokak No 6 Yenişehir, Mersin, Mersin, Türkiye","Limonluk Mahallesi 2410 Sokak No 6 Yenişehir, Mersin",Yenişehir,eşarj,DC,0,1,1 × CCS,30.0,EŞARJ ELEKTRİKLİ ARAÇLAR ŞARJ SİSTEMLERİ ANONİM ŞİRKETİ,ŞRJ/14203,"Marka: eşarj
İlçe: Yenişehir
Şarj tipi: DC
Soketler: 1 × CCS
Maksimum güç: 30.0 kW
Şarj ağı işletmecisi: EŞARJ ELEKTRİKLİ ARAÇLAR ŞARJ SİSTEMLERİ ANONİM ŞİRKETİ
İstasyon no: ŞRJ/14203"
ASTORŞARJ RADISSON HOTEL MERSİN,"ASTORŞARJ RADISSON HOTEL MERSİN, Eğriçam Mahallesi Hüseyin Okan Merzeci Sokak No 685 Yenişehir, Mersin, Mersin, Türkiye","Eğriçam Mahallesi Hüseyin Okan Merzeci Sokak No 685 Yenişehir, Mersin",Yenişehir,ASTOR,AC + DC,1,2,"2 × CCS, 1 × Type 2",300.0,ASTOR ENERJİ ANONİM ŞİRKETİ,ŞRJ/14357,"Marka: ASTOR
İlçe: Yenişehir
Şarj tipi: AC + DC
Soketler: 2 × CCS, 1 × Type 2
Maksimum güç: 300.0 kW
Şarj ağı işletmecisi: ASTOR ENERJİ ANONİM ŞİRKETİ
İstasyon no: ŞRJ/14357"
KARACAOĞLAN PARKI MUT BELEDİYE BAŞKANLIĞI,"KARACAOĞLAN PARKI MUT BELEDİYE BAŞKANLIĞI, Kale Mahallesi Cumhuriyet M. Sokak No 8 Mut, Mersin, Mersin, Türkiye","Kale Mahallesi Cumhuriyet M. Sokak No 8 Mut, Mersin",Mut,ŞarjMatik,AC,1,0,1 × Type 2,3.7,ŞARJMATİK ENERJİ BİLİŞİM LİMİTED ŞİRKETİ,ŞRJ/12121,"Marka: ŞarjMatik
İlçe: Mut
Şarj tipi: AC
Soketler: 1 × Type 2
Maksimum güç: 3.7 kW
Şarj ağı işletmecisi: ŞARJMATİK ENERJİ BİLİŞİM LİMİTED ŞİRKETİ
İstasyon no: ŞRJ/12121"
ÇINARALTI PARKI MUT BELEDİYE BAŞKANLIĞI,"ÇINARALTI PARKI MUT BELEDİYE BAŞKANLIĞI, Kale Mahallesi Cumhuriyet M. Sokak No 8 Mut, Mersin, Mersin, Türkiye","Kale Mahallesi Cumhuriyet M. Sokak No 8 Mut, Mersin",Mut,ŞarjMatik,AC,1,0,1 × Type 2,7.4,ŞARJMATİK ENERJİ BİLİŞİM LİMİTED ŞİRKETİ,ŞRJ/12118,"Marka: ŞarjMatik
İlçe: Mut
Şarj tipi: AC
Soketler: 1 × Type 2
Maksimum güç: 7.4 kW
Şarj ağı işletmecisi: ŞARJMATİK ENERJİ BİLİŞİM LİMİTED ŞİRKETİ
İstasyon no: ŞRJ/12118"
Swiss Inn Hotel Mersin,"Swiss Inn Hotel Mersin, Bahçe Mahallesi İstiklal Sokak No 138 Akdeniz, Mersin, Mersin, Türkiye","Bahçe Mahallesi İstiklal Sokak No 138 Akdeniz, Mersin",Akdeniz,zes,DC,0,2,2 × CCS,60.0,ZES DİJİTAL TİCARET ANONİM ŞİRKETİ,ŞRJ/14741,"Marka: zes
İlçe: Akdeniz
Şarj tipi: DC
Soketler: 2 × CCS
Maksimum güç: 60.0 kW
Şarj ağı işletmecisi: ZES DİJİTAL TİCARET ANONİM ŞİRKETİ
İstasyon no: ŞRJ/14741"
TAÇ KOLEJİ ANAOKULU,"TAÇ KOLEJİ ANAOKULU, 50. Yıl Mahallesi 38. Sokak No 79 Yenişehir, Mersin, Mersin, Türkiye","50. Yıl Mahallesi 38. Sokak No 79 Yenişehir, Mersin",Yenişehir,volti,AC,1,0,1 × Type 2,11.0,VOLNET ENERJİ SİSTEMLERİ SANAYİ TİCARET ANONİM ŞİRKETİ,ŞRJ/14847,"Marka: volti
İlçe: Yenişehir
Şarj tipi: AC
Soketler: 1 × Type 2
Maksimum güç: 11.0 kW
Şarj ağı işletmecisi: VOLNET ENERJİ SİSTEMLERİ SANAYİ TİCARET ANONİM ŞİRKETİ
İstasyon no: ŞRJ/14847"
TAÇ KOLEJİ İLKOKULU,"TAÇ KOLEJİ İLKOKULU, Gökçebelen Mahallesi Kolej Sokak No 80 Yenişehir, Mersin, Mersin, Türkiye","Gökçebelen Mahallesi Kolej Sokak No 80 Yenişehir, Mersin",Yenişehir,volti,AC,2,0,2 × Type 2,22.0,VOLNET ENERJİ SİSTEMLERİ SANAYİ TİCARET ANONİM ŞİRKETİ,ŞRJ/14848,"Marka: volti
İlçe: Yenişehir
Şarj tipi: AC
Soketler: 2 × Type 2
Maksimum güç: 22.0 kW
Şarj ağı işletmecisi: VOLNET ENERJİ SİSTEMLERİ SANAYİ TİCARET ANONİM ŞİRKETİ
İstasyon no: ŞRJ/14848"
EUROPEN OTEL,"EUROPEN OTEL, Ayaş Mahallesi Tepe Sokak No 5 Erdemli, Mersin, Mersin, Türkiye","Ayaş Mahallesi Tepe Sokak No 5 Erdemli, Mersin",Erdemli,volti,AC,2,0,2 × Type 2,11.0,VOLNET ENERJİ SİSTEMLERİ SANAYİ TİCARET ANONİM ŞİRKETİ,ŞRJ/14849,"Marka: volti
İlçe: Erdemli
Şarj tipi: AC
Soketler: 2 × Type 2
Maksimum güç: 11.0 kW
Şarj ağı işletmecisi: VOLNET ENERJİ SİSTEMLERİ SANAYİ TİCARET ANONİM ŞİRKETİ
İstasyon no: ŞRJ/14849"
Forum Diyarbakır AVM Kapalı Otopark,"Forum Diyarbakır AVM Kapalı Otopark, Fabrika Mahallesi No 165 Yenişehir, Mersin, Mersin, Türkiye","Fabrika Mahallesi No 165 Yenişehir, Mersin",Yenişehir,zes,AC + DC,1,4,"4 × CCS, 1 × Type 2",60.0,ZES DİJİTAL TİCARET ANONİM ŞİRKETİ,ŞRJ/1763,"Marka: zes
İlçe: Yenişehir
Şarj tipi: AC + DC
Soketler: 4 × CCS, 1 × Type 2
Maksimum güç: 60.0 kW
Şarj ağı işletmecisi: ZES DİJİTAL TİCARET ANONİM ŞİRKETİ
İstasyon no: ŞRJ/1763"
Mersin Akkent,"Mersin Akkent, Akkent Mahallesi Hüseyin Okan Merzeci Caddesi No 262 Yenişehir, Mersin, Mersin, Türkiye","Akkent Mahallesi Hüseyin Okan Merzeci Caddesi No 262 Yenişehir, Mersin",Yenişehir,Trugo,DC,0,2,2 × CCS,180.0,TRUGO AKILLI ŞARJ ÇÖZÜMLERİ SANAYİ VE TİCARET ANONİM ŞİRKETİ,ŞRJ/11209,"Marka: Trugo
İlçe: Yenişehir
Şarj tipi: DC
Soketler: 2 × CCS
Maksimum güç: 180.0 kW
Şarj ağı işletmecisi: TRUGO AKILLI ŞARJ ÇÖZÜMLERİ SANAYİ VE TİCARET ANONİM ŞİRKETİ
İstasyon no: ŞRJ/11209"
Sayapark AVM,"Sayapark AVM, Akkent Mahallesi Hüseyin Okan Merzeci Sokak Yenişehir, Mersin, Mersin, Türkiye","Akkent Mahallesi Hüseyin Okan Merzeci Sokak Yenişehir, Mersin",Yenişehir,Trugo,DC,0,2,2 × CCS,180.0,TRUGO AKILLI ŞARJ ÇÖZÜMLERİ SANAYİ VE TİCARET ANONİM ŞİRKETİ,ŞRJ/5868,"Marka: Trugo
İlçe: Yenişehir
Şarj tipi: DC
Soketler: 2 × CCS
Maksimum güç: 180.0 kW
Şarj ağı işletmecisi: TRUGO AKILLI ŞARJ ÇÖZÜMLERİ SANAYİ VE TİCARET ANONİM ŞİRKETİ
İstasyon no: ŞRJ/5868"
"Tarsu AVM, Mersin","Tarsu AVM, Mersin, 82 Evler Mahallesi Adana Sokak No 57 Tarsus, Mersin, Mersin, Türkiye","82 Evler Mahallesi Adana Sokak No 57 Tarsus, Mersin",Tarsus,eşarj,DC,0,4,4 × CCS,180.0,EŞARJ ELEKTRİKLİ ARAÇLAR ŞARJ SİSTEMLERİ ANONİM ŞİRKETİ,ŞRJ/15236,"Marka: eşarj
İlçe: Tarsus
Şarj tipi: DC
Soketler: 4 × CCS
Maksimum güç: 180.0 kW
Şarj ağı işletmecisi: EŞARJ ELEKTRİKLİ ARAÇLAR ŞARJ SİSTEMLERİ ANONİM ŞİRKETİ
İstasyon no: ŞRJ/15236"
TAÇ KOLEJİ,"TAÇ KOLEJİ, Limonluk Mahallesi 2472 Sokak No 2 Yenişehir, Mersin, Mersin, Türkiye","Limonluk Mahallesi 2472 Sokak No 2 Yenişehir, Mersin",Yenişehir,volti,AC,1,0,1 × Type 2,3.0,VOLNET ENERJİ SİSTEMLERİ SANAYİ TİCARET ANONİM ŞİRKETİ,ŞRJ/15305,"Marka: volti
İlçe: Yenişehir
Şarj tipi: AC
Soketler: 1 × Type 2
Maksimum güç: 3.0 kW
Şarj ağı işletmecisi: VOLNET ENERJİ SİSTEMLERİ SANAYİ TİCARET ANONİM ŞİRKETİ
İstasyon no: ŞRJ/15305"
NUMAN KARADAĞ,"NUMAN KARADAĞ, Eğriçam Mahallesi Hüseyin Okan Merzeci Sokak No 741 Yenişehir, Mersin, Mersin, Türkiye","Eğriçam Mahallesi Hüseyin Okan Merzeci Sokak No 741 Yenişehir, Mersin",Yenişehir,ŞarjMatik,AC,1,0,1 × Type 2,11.0,ŞARJMATİK ENERJİ BİLİŞİM LİMİTED ŞİRKETİ,ŞRJ/12132,"Marka: ŞarjMatik
İlçe: Yenişehir
Şarj tipi: AC
Soketler: 1 × Type 2
Maksimum güç: 11.0 kW
Şarj ağı işletmecisi: ŞARJMATİK ENERJİ BİLİŞİM LİMİTED ŞİRKETİ
İstasyon no: ŞRJ/12132"
DENİZ SİTESİ A Blok,"DENİZ SİTESİ A Blok, Batıkent Mahallesi 2699 Sokak No 15 Yenişehir, Mersin, Mersin, Türkiye","Batıkent Mahallesi 2699 Sokak No 15 Yenişehir, Mersin",Yenişehir,volti,AC,2,0,2 × Type 2,11.0,VOLNET ENERJİ SİSTEMLERİ SANAYİ TİCARET ANONİM ŞİRKETİ,ŞRJ/14850,"Marka: volti
İlçe: Yenişehir
Şarj tipi: AC
Soketler: 2 × Type 2
Maksimum güç: 11.0 kW
Şarj ağı işletmecisi: VOLNET ENERJİ SİSTEMLERİ SANAYİ TİCARET ANONİM ŞİRKETİ
İstasyon no: ŞRJ/14850"
Shell Damlama Kuzey OHT,"Shell Damlama Kuzey OHT, Damlama Mahallesi Damlama Sokak No 138 Tarsus, Mersin, Mersin, Türkiye","Damlama Mahallesi Damlama Sokak No 138 Tarsus, Mersin",Tarsus,Trugo,DC,0,2,2 × CCS,180.0,TRUGO AKILLI ŞARJ ÇÖZÜMLERİ SANAYİ VE TİCARET ANONİM ŞİRKETİ,ŞRJ/15364,"Marka: Trugo
İlçe: Tarsus
Şarj tipi: DC
Soketler: 2 × CCS
Maksimum güç: 180.0 kW
Şarj ağı işletmecisi: TRUGO AKILLI ŞARJ ÇÖZÜMLERİ SANAYİ VE TİCARET ANONİM ŞİRKETİ
İstasyon no: ŞRJ/15364"
YEMEN KAHVESİ MERSİN,"YEMEN KAHVESİ MERSİN, Limonluk Mahallesi İsmet İnönü Sokak No 155A Yenişehir, Mersin, Mersin, Türkiye","Limonluk Mahallesi İsmet İnönü Sokak No 155A Yenişehir, Mersin",Yenişehir,VOLTRUN,AC,1,0,1 × Type 2,22.0,VOLTRUN ENERJİ ANONİM ŞİRKETİ,ŞRJ/3742,"Marka: VOLTRUN
İlçe: Yenişehir
Şarj tipi: AC
Soketler: 1 × Type 2
Maksimum güç: 22.0 kW
Şarj ağı işletmecisi: VOLTRUN ENERJİ ANONİM ŞİRKETİ
İstasyon no: ŞRJ/3742"
PO Akdeniz (Duman),"PO Akdeniz (Duman), Gazi Mahallesi İnönü Sokak No 189 Akdeniz, Mersin, Mersin, Türkiye","Gazi Mahallesi İnönü Sokak No 189 Akdeniz, Mersin",Akdeniz,5 şarj,DC,0,2,2 × CCS,180.0,BORENCO ŞARJ TEKNOLOJİ YATIRIMLARI TİCARET ANONİM ŞİRKETİ,ŞRJ/14827,"Marka: 5 şarj
İlçe: Akdeniz
Şarj tipi: DC
Soketler: 2 × CCS
Maksimum güç: 180.0 kW
Şarj ağı işletmecisi: BORENCO ŞARJ TEKNOLOJİ YATIRIMLARI TİCARET ANONİM ŞİRKETİ
İstasyon no: ŞRJ/14827"
Novacity AVM,"Novacity AVM, Merkez Mahallesi Alparslan Türkeş Sokak No 78 Erdemli, Mersin, Mersin, Türkiye","Merkez Mahallesi Alparslan Türkeş Sokak No 78 Erdemli, Mersin",Erdemli,zes,DC,0,2,2 × CCS,400.0,ZES DİJİTAL TİCARET ANONİM ŞİRKETİ,ŞRJ/16050,"Marka: zes
İlçe: Erdemli
Şarj tipi: DC
Soketler: 2 × CCS
Maksimum güç: 400.0 kW
Şarj ağı işletmecisi: ZES DİJİTAL TİCARET ANONİM ŞİRKETİ
İstasyon no: ŞRJ/16050"
GO Sarıoğlu Petrol,"GO Sarıoğlu Petrol, Bozdoğan Mahallesi Bozdoğan Sokak No 722 Anamur, Mersin, Mersin, Türkiye","Bozdoğan Mahallesi Bozdoğan Sokak No 722 Anamur, Mersin",Anamur,wat mobilite,AC + DC,2,2,"2 × CCS, 2 × Type 2",120.0,WAT MOBİLİTE ÇÖZÜMLERİ TEKNOLOJİ VE TİCARET ANONİM ŞİRKETİ,ŞRJ/16285,"Marka: wat mobilite
İlçe: Anamur
Şarj tipi: AC + DC
Soketler: 2 × CCS, 2 × Type 2
Maksimum güç: 120.0 kW
Şarj ağı işletmecisi: WAT MOBİLİTE ÇÖZÜMLERİ TEKNOLOJİ VE TİCARET ANONİM ŞİRKETİ
İstasyon no: ŞRJ/16285"
Aslangil A.Ş.,"Aslangil A.Ş., Saray Mahallesi 203 Sokak No 4 Anamur, Mersin, Mersin, Türkiye","Saray Mahallesi 203 Sokak No 4 Anamur, Mersin",Anamur,Trugo,AC,1,0,1 × Type 2,22.0,TRUGO AKILLI ŞARJ ÇÖZÜMLERİ SANAYİ VE TİCARET ANONİM ŞİRKETİ,ŞRJ/16349,"Marka: Trugo
İlçe: Anamur
Şarj tipi: AC
Soketler: 1 × Type 2
Maksimum güç: 22.0 kW
Şarj ağı işletmecisi: TRUGO AKILLI ŞARJ ÇÖZÜMLERİ SANAYİ VE TİCARET ANONİM ŞİRKETİ
İstasyon no: ŞRJ/16349"
Kayıkçıoğlu Total Erdemli 2,"Kayıkçıoğlu Total Erdemli 2, Arpaçbahşiş Mahallesi 215 Sokak No 5/A Erdemli, Mersin, Mersin, Türkiye","Arpaçbahşiş Mahallesi 215 Sokak No 5/A Erdemli, Mersin",Erdemli,EN YAKIT,DC,0,2,2 × CCS,320.0,EN YAKIT ANONİM ŞİRKETİ,ŞRJ/16677,"Marka: EN YAKIT
İlçe: Erdemli
Şarj tipi: DC
Soketler: 2 × CCS
Maksimum güç: 320.0 kW
Şarj ağı işletmecisi: EN YAKIT ANONİM ŞİRKETİ
İstasyon no: ŞRJ/16677"
Shell Bulvar Mezitli,"Shell Bulvar Mezitli, Merkez Mahallesi No 828/1 Mezitli, Mersin, Mersin, Türkiye","Merkez Mahallesi No 828/1 Mezitli, Mersin",Mezitli,Trugo,DC,0,2,2 × CCS,180.0,TRUGO AKILLI ŞARJ ÇÖZÜMLERİ SANAYİ VE TİCARET ANONİM ŞİRKETİ,ŞRJ/16750,"Marka: Trugo
İlçe: Mezitli
Şarj tipi: DC
Soketler: 2 × CCS
Maksimum güç: 180.0 kW
Şarj ağı işletmecisi: TRUGO AKILLI ŞARJ ÇÖZÜMLERİ SANAYİ VE TİCARET ANONİM ŞİRKETİ
İstasyon no: ŞRJ/16750"
İKİZKULE SİTESİ,"İKİZKULE SİTESİ, Akdeniz Mahallesi 39799 Sokak No 23 Mezitli, Mersin, Mersin, Türkiye","Akdeniz Mahallesi 39799 Sokak No 23 Mezitli, Mersin",Mezitli,volti,AC,2,0,2 × Type 2,11.0,VOLNET ENERJİ SİSTEMLERİ SANAYİ TİCARET ANONİM ŞİRKETİ,ŞRJ/16849,"Marka: volti
İlçe: Mezitli
Şarj tipi: AC
Soketler: 2 × Type 2
Maksimum güç: 11.0 kW
Şarj ağı işletmecisi: VOLNET ENERJİ SİSTEMLERİ SANAYİ TİCARET ANONİM ŞİRKETİ
İstasyon no: ŞRJ/16849"
AROS41 SİTESİŞ,"AROS41 SİTESİŞ, Akdeniz Mahallesi 39793 Sokak No 1/A Mezitli, Mersin, Mersin, Türkiye","Akdeniz Mahallesi 39793 Sokak No 1/A Mezitli, Mersin",Mezitli,volti,AC,3,0,3 × Type 2,11.0,VOLNET ENERJİ SİSTEMLERİ SANAYİ TİCARET ANONİM ŞİRKETİ,ŞRJ/16850,"Marka: volti
İlçe: Mezitli
Şarj tipi: AC
Soketler: 3 × Type 2
Maksimum güç: 11.0 kW
Şarj ağı işletmecisi: VOLNET ENERJİ SİSTEMLERİ SANAYİ TİCARET ANONİM ŞİRKETİ
İstasyon no: ŞRJ/16850"
ŞAHİN REZİDANS,"ŞAHİN REZİDANS, Limonluk Mahallesi 24117 Sokak No 3/B Yenişehir, Mersin, Mersin, Türkiye","Limonluk Mahallesi 24117 Sokak No 3/B Yenişehir, Mersin",Yenişehir,volti,AC,2,0,2 × Type 2,11.0,VOLNET ENERJİ SİSTEMLERİ SANAYİ TİCARET ANONİM ŞİRKETİ,ŞRJ/16851,"Marka: volti
İlçe: Yenişehir
Şarj tipi: AC
Soketler: 2 × Type 2
Maksimum güç: 11.0 kW
Şarj ağı işletmecisi: VOLNET ENERJİ SİSTEMLERİ SANAYİ TİCARET ANONİM ŞİRKETİ
İstasyon no: ŞRJ/16851"
ARICAN STİLL SİTESİ,"ARICAN STİLL SİTESİ, Kuzeykent Mahallesi Mahallesi 31180 Sokak No 6/C Yenişehir, Mersin, Mersin, Türkiye","Kuzeykent Mahallesi Mahallesi 31180 Sokak No 6/C Yenişehir, Mersin",Yenişehir,volti,AC,2,0,2 × Type 2,11.0,VOLNET ENERJİ SİSTEMLERİ SANAYİ TİCARET ANONİM ŞİRKETİ,ŞRJ/16852,"Marka: volti
İlçe: Yenişehir
Şarj tipi: AC
Soketler: 2 × Type 2
Maksimum güç: 11.0 kW
Şarj ağı işletmecisi: VOLNET ENERJİ SİSTEMLERİ SANAYİ TİCARET ANONİM ŞİRKETİ
İstasyon no: ŞRJ/16852"
AROS11 PARK PLAZA A BLOK,"AROS11 PARK PLAZA A BLOK, Menderes Mahallesi 35421 Sokak No 7A Mezitli, Mersin, Mersin, Türkiye","Menderes Mahallesi 35421 Sokak No 7A Mezitli, Mersin",Mezitli,volti,AC,1,0,1 × Type 2,11.0,VOLNET ENERJİ SİSTEMLERİ SANAYİ TİCARET ANONİM ŞİRKETİ,ŞRJ/16853,"Marka: volti
İlçe: Mezitli
Şarj tipi: AC
Soketler: 1 × Type 2
Maksimum güç: 11.0 kW
Şarj ağı işletmecisi: VOLNET ENERJİ SİSTEMLERİ SANAYİ TİCARET ANONİM ŞİRKETİ
İstasyon no: ŞRJ/16853"
AROS11 PARK PLAZA B BLOK,"AROS11 PARK PLAZA B BLOK, Menderes Mahallesi 35421 Sokak No 7B Mezitli, Mersin, Mersin, Türkiye","Menderes Mahallesi 35421 Sokak No 7B Mezitli, Mersin",Mezitli,volti,AC,1,0,1 × Type 2,11.0,VOLNET ENERJİ SİSTEMLERİ SANAYİ TİCARET ANONİM ŞİRKETİ,ŞRJ/16854,"Marka: volti
İlçe: Mezitli
Şarj tipi: AC
Soketler: 1 × Type 2
Maksimum güç: 11.0 kW
Şarj ağı işletmecisi: VOLNET ENERJİ SİSTEMLERİ SANAYİ TİCARET ANONİM ŞİRKETİ
İstasyon no: ŞRJ/16854"
IMC HASTANESİ,"IMC HASTANESİ, Turgutreis Mahallesi İstiklal Sokak No 198 Akdeniz, Mersin, Mersin, Türkiye","Turgutreis Mahallesi İstiklal Sokak No 198 Akdeniz, Mersin",Akdeniz,volti,AC,2,0,2 × Type 2,22.0,VOLNET ENERJİ SİSTEMLERİ SANAYİ TİCARET ANONİM ŞİRKETİ,ŞRJ/16862,"Marka: volti
İlçe: Akdeniz
Şarj tipi: AC
Soketler: 2 × Type 2
Maksimum güç: 22.0 kW
Şarj ağı işletmecisi: VOLNET ENERJİ SİSTEMLERİ SANAYİ TİCARET ANONİM ŞİRKETİ
İstasyon no: ŞRJ/16862"
Opet Sarılar 2,"Opet Sarılar 2, Ayaş Mahallesi Atatürk (yemişkumu) Sokak No 520 Erdemli, Mersin, Mersin, Türkiye","Ayaş Mahallesi Atatürk (yemişkumu) Sokak No 520 Erdemli, Mersin",Erdemli,wat mobilite,DC,0,4,4 × CCS,180.0,WAT MOBİLİTE ÇÖZÜMLERİ TEKNOLOJİ VE TİCARET ANONİM ŞİRKETİ,ŞRJ/16871,"Marka: wat mobilite
İlçe: Erdemli
Şarj tipi: DC
Soketler: 4 × CCS
Maksimum güç: 180.0 kW
Şarj ağı işletmecisi: WAT MOBİLİTE ÇÖZÜMLERİ TEKNOLOJİ VE TİCARET ANONİM ŞİRKETİ
İstasyon no: ŞRJ/16871"
Park Dedeman Mersin Marina Otel 2,"Park Dedeman Mersin Marina Otel 2, Eğriçam Mahallesi 2206 Sokak No 503 Yenişehir, Mersin, Mersin, Türkiye","Eğriçam Mahallesi 2206 Sokak No 503 Yenişehir, Mersin",Yenişehir,EN YAKIT,DC,0,2,2 × CCS,320.0,EN YAKIT ANONİM ŞİRKETİ,ŞRJ/16904,"Marka: EN YAKIT
İlçe: Yenişehir
Şarj tipi: DC
Soketler: 2 × CCS
Maksimum güç: 320.0 kW
Şarj ağı işletmecisi: EN YAKIT ANONİM ŞİRKETİ
İstasyon no: ŞRJ/16904"
"Sahil Restaurant, Mezitli DC","Sahil Restaurant, Mezitli DC, Viranşehir Mahallesi 34301 Sokak No 1 Mezitli, Mersin, Mersin, Türkiye","Viranşehir Mahallesi 34301 Sokak No 1 Mezitli, Mersin",Mezitli,Otopriz,DC,0,2,2 × CCS,180.0,DİCLE KÖK ENERJİ YATIRIM ANONİM ŞİRKETİ,ŞRJ/17091,"Marka: Otopriz
İlçe: Mezitli
Şarj tipi: DC
Soketler: 2 × CCS
Maksimum güç: 180.0 kW
Şarj ağı işletmecisi: DİCLE KÖK ENERJİ YATIRIM ANONİM ŞİRKETİ
İstasyon no: ŞRJ/17091"
"Noax Hotel, Akdeniz DC","Noax Hotel, Akdeniz DC, Turgutreis Mahallesi Mustafa Kemal Sokak No 275 Akdeniz, Mersin, Mersin, Türkiye","Turgutreis Mahallesi Mustafa Kemal Sokak No 275 Akdeniz, Mersin",Akdeniz,Otopriz,DC,0,2,2 × CCS,180.0,DİCLE KÖK ENERJİ YATIRIM ANONİM ŞİRKETİ,ŞRJ/17107,"Marka: Otopriz
İlçe: Akdeniz
Şarj tipi: DC
Soketler: 2 × CCS
Maksimum güç: 180.0 kW
Şarj ağı işletmecisi: DİCLE KÖK ENERJİ YATIRIM ANONİM ŞİRKETİ
İstasyon no: ŞRJ/17107"
"Şahin Otomotiv, Tarsus DC","Şahin Otomotiv, Tarsus DC, Beydeğirmen Mahallesi No 311/B Tarsus, Mersin, Mersin, Türkiye","Beydeğirmen Mahallesi No 311/B Tarsus, Mersin",Tarsus,Otopriz,DC,0,2,2 × CCS,120.0,DİCLE KÖK ENERJİ YATIRIM ANONİM ŞİRKETİ,ŞRJ/17112,"Marka: Otopriz
İlçe: Tarsus
Şarj tipi: DC
Soketler: 2 × CCS
Maksimum güç: 120.0 kW
Şarj ağı işletmecisi: DİCLE KÖK ENERJİ YATIRIM ANONİM ŞİRKETİ
İstasyon no: ŞRJ/17112"
"Soulmate Coffee Altaylılar, Tarsus-DC","Soulmate Coffee Altaylılar, Tarsus-DC, Altaylılar Mahallesi 0299 Sokak No 6B Tarsus, Mersin, Mersin, Türkiye","Altaylılar Mahallesi 0299 Sokak No 6B Tarsus, Mersin",Tarsus,Otopriz,DC,0,2,2 × CCS,120.0,DİCLE KÖK ENERJİ YATIRIM ANONİM ŞİRKETİ,ŞRJ/17134,"Marka: Otopriz
İlçe: Tarsus
Şarj tipi: DC
Soketler: 2 × CCS
Maksimum güç: 120.0 kW
Şarj ağı işletmecisi: DİCLE KÖK ENERJİ YATIRIM ANONİM ŞİRKETİ
İstasyon no: ŞRJ/17134"
NÜVE CAR TURİZM OTELCİLİK ARAÇ KİRALAMA TARIM SANAYİ VE TİCARET ANONİM ŞİRKETİ,"NÜVE CAR TURİZM OTELCİLİK ARAÇ KİRALAMA TARIM SANAYİ VE TİCARET ANONİM ŞİRKETİ, Atatürk Mahallesi 31089 Sokak No 1 Mezitli, Mersin, Mersin, Türkiye","Atatürk Mahallesi 31089 Sokak No 1 Mezitli, Mersin",Mezitli,B-FORCE,AC,2,0,2 × Type 2,22.0,ŞARJMATİK ENERJİ BİLİŞİM LİMİTED ŞİRKETİ,ŞRJ/12122,"Marka: B-FORCE
İlçe: Mezitli
Şarj tipi: AC
Soketler: 2 × Type 2
Maksimum güç: 22.0 kW
Şarj ağı işletmecisi: ŞARJMATİK ENERJİ BİLİŞİM LİMİTED ŞİRKETİ
İstasyon no: ŞRJ/12122"
Opet Mut Petrol,"Opet Mut Petrol, Palantepe Mahallesi Mahallesi Palantepe Sokak No 10/A Mut, Mersin, Mersin, Türkiye","Palantepe Mahallesi Mahallesi Palantepe Sokak No 10/A Mut, Mersin",Mut,wat mobilite,DC,0,2,2 × CCS,180.0,WAT MOBİLİTE ÇÖZÜMLERİ TEKNOLOJİ VE TİCARET ANONİM ŞİRKETİ,ŞRJ/17313,"Marka: wat mobilite
İlçe: Mut
Şarj tipi: DC
Soketler: 2 × CCS
Maksimum güç: 180.0 kW
Şarj ağı işletmecisi: WAT MOBİLİTE ÇÖZÜMLERİ TEKNOLOJİ VE TİCARET ANONİM ŞİRKETİ
İstasyon no: ŞRJ/17313"
Opet Sarılar,"Opet Sarılar, Barbaros Mahallesi Mersin Caddesi Çeşmeli Köyü Sokak Erdemli, Mersin, Mersin, Türkiye","Barbaros Mahallesi Mersin Caddesi Çeşmeli Köyü Sokak Erdemli, Mersin",Erdemli,wat mobilite,DC,0,4,4 × CCS,180.0,WAT MOBİLİTE ÇÖZÜMLERİ TEKNOLOJİ VE TİCARET ANONİM ŞİRKETİ,ŞRJ/17322,"Marka: wat mobilite
İlçe: Erdemli
Şarj tipi: DC
Soketler: 4 × CCS
Maksimum güç: 180.0 kW
Şarj ağı işletmecisi: WAT MOBİLİTE ÇÖZÜMLERİ TEKNOLOJİ VE TİCARET ANONİM ŞİRKETİ
İstasyon no: ŞRJ/17322"
SARILAR OPET,"SARILAR OPET, Çeşmeli Mahallesi Mersin (merkez) Sokak No 164 Erdemli, Mersin, Mersin, Türkiye","Çeşmeli Mahallesi Mersin (merkez) Sokak No 164 Erdemli, Mersin",Erdemli,ovolt,DC,0,4,4 × CCS,180.0,OVOLT ŞARJ TEKNOLOJİLERİ SANAYİ VE TİCARET ANONİM ŞİRKETİ,ŞRJ/17381,"Marka: ovolt
İlçe: Erdemli
Şarj tipi: DC
Soketler: 4 × CCS
Maksimum güç: 180.0 kW
Şarj ağı işletmecisi: OVOLT ŞARJ TEKNOLOJİLERİ SANAYİ VE TİCARET ANONİM ŞİRKETİ
İstasyon no: ŞRJ/17381"
Örs Plaza,"Örs Plaza, Eğriçam Mahallesi 2224 Sokak No 1 Yenişehir, Mersin, Mersin, Türkiye","Eğriçam Mahallesi 2224 Sokak No 1 Yenişehir, Mersin",Yenişehir,zes,DC,0,2,2 × CCS,60.0,ZES DİJİTAL TİCARET ANONİM ŞİRKETİ,ŞRJ/17476,"Marka: zes
İlçe: Yenişehir
Şarj tipi: DC
Soketler: 2 × CCS
Maksimum güç: 60.0 kW
Şarj ağı işletmecisi: ZES DİJİTAL TİCARET ANONİM ŞİRKETİ
İstasyon no: ŞRJ/17476"
Tezcanlar Anamur,"Tezcanlar Anamur, Bahçe Mahallesi Mersin Yolu Altı Sokak No 1 Anamur, Mersin, Mersin, Türkiye","Bahçe Mahallesi Mersin Yolu Altı Sokak No 1 Anamur, Mersin",Anamur,zes,DC,0,2,2 × CCS,400.0,ZES DİJİTAL TİCARET ANONİM ŞİRKETİ,ŞRJ/17487,"Marka: zes
İlçe: Anamur
Şarj tipi: DC
Soketler: 2 × CCS
Maksimum güç: 400.0 kW
Şarj ağı işletmecisi: ZES DİJİTAL TİCARET ANONİM ŞİRKETİ
İstasyon no: ŞRJ/17487"
"Çiğdem Market, Erdemli - DC","Çiğdem Market, Erdemli - DC, Kızkalesi Mahallesi No 8C Erdemli, Mersin, Mersin, Türkiye","Kızkalesi Mahallesi No 8C Erdemli, Mersin",Erdemli,Otopriz,DC,0,2,2 × CCS,180.0,DİCLE KÖK ENERJİ YATIRIM ANONİM ŞİRKETİ,ŞRJ/17488,"Marka: Otopriz
İlçe: Erdemli
Şarj tipi: DC
Soketler: 2 × CCS
Maksimum güç: 180.0 kW
Şarj ağı işletmecisi: DİCLE KÖK ENERJİ YATIRIM ANONİM ŞİRKETİ
İstasyon no: ŞRJ/17488"
"Naia Restoran, Toroslar - DC","Naia Restoran, Toroslar - DC, Çopurlu Mahallesi 119 Sokak Merkez Toroslar, Mersin, Mersin, Türkiye","Çopurlu Mahallesi 119 Sokak Merkez Toroslar, Mersin",Toroslar,Otopriz,DC,0,2,2 × CCS,120.0,DİCLE KÖK ENERJİ YATIRIM ANONİM ŞİRKETİ,ŞRJ/17517,"Marka: Otopriz
İlçe: Toroslar
Şarj tipi: DC
Soketler: 2 × CCS
Maksimum güç: 120.0 kW
Şarj ağı işletmecisi: DİCLE KÖK ENERJİ YATIRIM ANONİM ŞİRKETİ
İstasyon no: ŞRJ/17517"
Mersu Hastanesi Elektrikli Araç Şarj Hastanesi DC 120 KW+AC 22 KW,"Mersu Hastanesi Elektrikli Araç Şarj Hastanesi DC 120 KW+AC 22 KW, İhsaniye Mahallesi Havuzlar Caddesi No 63 Akdeniz, Mersin, Mersin, Türkiye","İhsaniye Mahallesi Havuzlar Caddesi No 63 Akdeniz, Mersin",Akdeniz,CHARGING VEHICLES CV,AC + DC,1,2,"2 × CCS, 1 × Type 2",120.0,CW ENERJİ MÜHENDİSLİK TİCARET VE SANAYİ ANONİM ŞİRKETİ,ŞRJ/3033,"Marka: CHARGING VEHICLES CV
İlçe: Akdeniz
Şarj tipi: AC + DC
Soketler: 2 × CCS, 1 × Type 2
Maksimum güç: 120.0 kW
Şarj ağı işletmecisi: CW ENERJİ MÜHENDİSLİK TİCARET VE SANAYİ ANONİM ŞİRKETİ
İstasyon no: ŞRJ/3033"
CV Charging- Sena Restaurant,"CV Charging- Sena Restaurant, Yenice Mahallesi Yağmur Sokak No 7 Tarsus, Mersin, Mersin, Türkiye","Yenice Mahallesi Yağmur Sokak No 7 Tarsus, Mersin",Tarsus,CHARGING VEHICLES CV,AC,1,0,1 × Type 2,22.0,CW ENERJİ MÜHENDİSLİK TİCARET VE SANAYİ ANONİM ŞİRKETİ,ŞRJ/12578,"Marka: CHARGING VEHICLES CV
İlçe: Tarsus
Şarj tipi: AC
Soketler: 1 × Type 2
Maksimum güç: 22.0 kW
Şarj ağı işletmecisi: CW ENERJİ MÜHENDİSLİK TİCARET VE SANAYİ ANONİM ŞİRKETİ
İstasyon no: ŞRJ/12578"
Erdemli Dedeman Otel,"Erdemli Dedeman Otel, Alata Mah Mahallesi No 316 Erdemli, Mersin, Mersin, Türkiye","Alata Mah Mahallesi No 316 Erdemli, Mersin",Erdemli,POWERŞARJ,DC,0,2,2 × CCS,180.0,WHITE ROSE MOTOR SANAYİ VE OTOMASYON TİCARET LİMİTED ŞİRKETİ,ŞRJ/8048,"Marka: POWERŞARJ
İlçe: Erdemli
Şarj tipi: DC
Soketler: 2 × CCS
Maksimum güç: 180.0 kW
Şarj ağı işletmecisi: WHITE ROSE MOTOR SANAYİ VE OTOMASYON TİCARET LİMİTED ŞİRKETİ
İstasyon no: ŞRJ/8048"
MUTUNA ZEYTİNYAĞI,"MUTUNA ZEYTİNYAĞI, Yapıntı Mahallesi Yapıntı Sokak No 1 Mut, Mersin, Mersin, Türkiye","Yapıntı Mahallesi Yapıntı Sokak No 1 Mut, Mersin",Mut,POWERŞARJ,DC,0,2,2 × CCS,180.0,WHITE ROSE MOTOR SANAYİ VE OTOMASYON TİCARET LİMİTED ŞİRKETİ,ŞRJ/4312,"Marka: POWERŞARJ
İlçe: Mut
Şarj tipi: DC
Soketler: 2 × CCS
Maksimum güç: 180.0 kW
Şarj ağı işletmecisi: WHITE ROSE MOTOR SANAYİ VE OTOMASYON TİCARET LİMİTED ŞİRKETİ
İstasyon no: ŞRJ/4312"
Zirve Turistik Dinlenme Tesisleri,"Zirve Turistik Dinlenme Tesisleri, Tırtar Mahallesi Silifke Yolu Caddesi No 358 Erdemli, Mersin, Mersin, Türkiye","Tırtar Mahallesi Silifke Yolu Caddesi No 358 Erdemli, Mersin",Erdemli,POWERŞARJ,DC,0,2,2 × CCS,180.0,WHITE ROSE MOTOR SANAYİ VE OTOMASYON TİCARET LİMİTED ŞİRKETİ,ŞRJ/10720,"Marka: POWERŞARJ
İlçe: Erdemli
Şarj tipi: DC
Soketler: 2 × CCS
Maksimum güç: 180.0 kW
Şarj ağı işletmecisi: WHITE ROSE MOTOR SANAYİ VE OTOMASYON TİCARET LİMİTED ŞİRKETİ
İstasyon no: ŞRJ/10720"
SsangYong Şahsuvaroğlu Tesisleri Mersin,"SsangYong Şahsuvaroğlu Tesisleri Mersin, Menderes Mahallesi No 789/A Mezitli, Mersin, Mersin, Türkiye","Menderes Mahallesi No 789/A Mezitli, Mersin",Mezitli,POWERŞARJ,DC,0,1,1 × CCS,85.0,WHITE ROSE MOTOR SANAYİ VE OTOMASYON TİCARET LİMİTED ŞİRKETİ,ŞRJ/13816,"Marka: POWERŞARJ
İlçe: Mezitli
Şarj tipi: DC
Soketler: 1 × CCS
Maksimum güç: 85.0 kW
Şarj ağı işletmecisi: WHITE ROSE MOTOR SANAYİ VE OTOMASYON TİCARET LİMİTED ŞİRKETİ
İstasyon no: ŞRJ/13816"
INTERMOT BOĞSAK MOTEL,"INTERMOT BOĞSAK MOTEL, İmamuşağı Mahallesi Boğsak Sokak No 74 Silifke, Mersin, Mersin, Türkiye","İmamuşağı Mahallesi Boğsak Sokak No 74 Silifke, Mersin",Silifke,VOLTRUN,AC,1,0,1 × Type 2,22.0,VOLTRUN ENERJİ ANONİM ŞİRKETİ,ŞRJ/13660,"Marka: VOLTRUN
İlçe: Silifke
Şarj tipi: AC
Soketler: 1 × Type 2
Maksimum güç: 22.0 kW
Şarj ağı işletmecisi: VOLTRUN ENERJİ ANONİM ŞİRKETİ
İstasyon no: ŞRJ/13660"
DC ULU RESORT OTEL,"DC ULU RESORT OTEL, Merkez Mahallesi Yanışlı Gülnar, Mersin, Mersin, Türkiye","Merkez Mahallesi Yanışlı Gülnar, Mersin",Gülnar,MYCHARGE,DC,0,2,2 × CCS,120.0,MANAS İPLİK SANAYİ VE TİCARET ANONİM ŞİRKETİ,ŞRJ/17656,"Marka: MYCHARGE
İlçe: Gülnar
Şarj tipi: DC
Soketler: 2 × CCS
Maksimum güç: 120.0 kW
Şarj ağı işletmecisi: MANAS İPLİK SANAYİ VE TİCARET ANONİM ŞİRKETİ
İstasyon no: ŞRJ/17656"
DC QUEENEBA 1/2 - AC QUEENEBA 1/2/3/4/5,"DC QUEENEBA 1/2 - AC QUEENEBA 1/2/3/4/5, Kargıpınar Mahallesi Atsız Sokak Erdemli, Mersin, Mersin, Türkiye","Kargıpınar Mahallesi Atsız Sokak Erdemli, Mersin",Erdemli,MYCHARGE,AC + DC,5,2,"2 × CCS, 5 × Type 2",90.0,MANAS İPLİK SANAYİ VE TİCARET ANONİM ŞİRKETİ,ŞRJ/12155,"Marka: MYCHARGE
İlçe: Erdemli
Şarj tipi: AC + DC
Soketler: 2 × CCS, 5 × Type 2
Maksimum güç: 90.0 kW
Şarj ağı işletmecisi: MANAS İPLİK SANAYİ VE TİCARET ANONİM ŞİRKETİ
İstasyon no: ŞRJ/12155"
Öztürkler Petrol Mersin Yönü,"Öztürkler Petrol Mersin Yönü, Sayköy Mahallesi Sayköy Sokak No 202 Tarsus, Mersin, Mersin, Türkiye","Sayköy Mahallesi Sayköy Sokak No 202 Tarsus, Mersin",Tarsus,zes,DC,0,2,2 × CCS,400.0,ZES DİJİTAL TİCARET ANONİM ŞİRKETİ,ŞRJ/17702,"Marka: zes
İlçe: Tarsus
Şarj tipi: DC
Soketler: 2 × CCS
Maksimum güç: 400.0 kW
Şarj ağı işletmecisi: ZES DİJİTAL TİCARET ANONİM ŞİRKETİ
İstasyon no: ŞRJ/17702"
Divan Hotel Mersin,"Divan Hotel Mersin, Akkent Mahallesi Gazi Mustafa Kemal Sokak No 612 Yenişehir, Mersin, Mersin, Türkiye","Akkent Mahallesi Gazi Mustafa Kemal Sokak No 612 Yenişehir, Mersin",Yenişehir,zes,DC,0,2,2 × CCS,60.0,ZES DİJİTAL TİCARET ANONİM ŞİRKETİ,ŞRJ/9895,"Marka: zes
İlçe: Yenişehir
Şarj tipi: DC
Soketler: 2 × CCS
Maksimum güç: 60.0 kW
Şarj ağı işletmecisi: ZES DİJİTAL TİCARET ANONİM ŞİRKETİ
İstasyon no: ŞRJ/9895"
ÖZTÜRKLER PETROL ZİYARETTEPE (G),"ÖZTÜRKLER PETROL ZİYARETTEPE (G), Sayköy Mahallesi Sayköy Caddesi No 202 / 1/C Tarsus, Mersin, Mersin, Türkiye","Sayköy Mahallesi Sayköy Caddesi No 202 / 1/C Tarsus, Mersin",Tarsus,ovolt,DC,0,2,2 × CCS,200.0,OVOLT ŞARJ TEKNOLOJİLERİ SANAYİ VE TİCARET ANONİM ŞİRKETİ,ŞRJ/17781,"Marka: ovolt
İlçe: Tarsus
Şarj tipi: DC
Soketler: 2 × CCS
Maksimum güç: 200.0 kW
Şarj ağı işletmecisi: OVOLT ŞARJ TEKNOLOJİLERİ SANAYİ VE TİCARET ANONİM ŞİRKETİ
İstasyon no: ŞRJ/17781"
Fuar Alanı,"Fuar Alanı, Akkent Mahallesi 34. Sokak No 4 Merkez Yenişehir, Mersin, Mersin, Türkiye","Akkent Mahallesi 34. Sokak No 4 Merkez Yenişehir, Mersin",Yenişehir,Electrise,DC,0,6,6 × CCS,120.0,CHARGE TEKNOLOJİ SANAYİ VE TİCARET ANONİM ŞİRKETİ,ŞRJ/10089,"Marka: Electrise
İlçe: Yenişehir
Şarj tipi: DC
Soketler: 6 × CCS
Maksimum güç: 120.0 kW
Şarj ağı işletmecisi: CHARGE TEKNOLOJİ SANAYİ VE TİCARET ANONİM ŞİRKETİ
İstasyon no: ŞRJ/10089"
Loba Caffee Fuat Morel,"Loba Caffee Fuat Morel, 50. Yıl Mahallesi 2767 Sokak No 1 Yenişehir, Mersin, Mersin, Türkiye","50. Yıl Mahallesi 2767 Sokak No 1 Yenişehir, Mersin",Yenişehir,AUTOVOLT,AC,1,0,1 × Type 2,22.0,AUTOVOLT ENERJİ TEKNOLOJİ SİSTEMLERİ İTHALAT İHRACAT SANAYİ VE TİCARET LİMİTED ŞİRKETİ,ŞRJ/17827,"Marka: AUTOVOLT
İlçe: Yenişehir
Şarj tipi: AC
Soketler: 1 × Type 2
Maksimum güç: 22.0 kW
Şarj ağı işletmecisi: AUTOVOLT ENERJİ TEKNOLOJİ SİSTEMLERİ İTHALAT İHRACAT SANAYİ VE TİCARET LİMİTED ŞİRKETİ
İstasyon no: ŞRJ/17827"
İstikbal Öztopraklar,"İstikbal Öztopraklar, Yeni Mahallesi 33180 Sokak No 39 Mezitli, Mersin, Mersin, Türkiye","Yeni Mahallesi 33180 Sokak No 39 Mezitli, Mersin",Mezitli,AUTOVOLT,AC + DC,1,1,"1 × CCS, 1 × Type 2",60.0,AUTOVOLT ENERJİ TEKNOLOJİ SİSTEMLERİ İTHALAT İHRACAT SANAYİ VE TİCARET LİMİTED ŞİRKETİ,ŞRJ/17833,"Marka: AUTOVOLT
İlçe: Mezitli
Şarj tipi: AC + DC
Soketler: 1 × CCS, 1 × Type 2
Maksimum güç: 60.0 kW
Şarj ağı işletmecisi: AUTOVOLT ENERJİ TEKNOLOJİ SİSTEMLERİ İTHALAT İHRACAT SANAYİ VE TİCARET LİMİTED ŞİRKETİ
İstasyon no: ŞRJ/17833"
Semt Yeni Köy Ofis 2,"Semt Yeni Köy Ofis 2, Limonluk Mahallesi 2415 Sokak No 1A Yenişehir, Mersin, Mersin, Türkiye","Limonluk Mahallesi 2415 Sokak No 1A Yenişehir, Mersin",Yenişehir,AUTOVOLT,AC,2,0,2 × Type 2,22.0,AUTOVOLT ENERJİ TEKNOLOJİ SİSTEMLERİ İTHALAT İHRACAT SANAYİ VE TİCARET LİMİTED ŞİRKETİ,ŞRJ/17838,"Marka: AUTOVOLT
İlçe: Yenişehir
Şarj tipi: AC
Soketler: 2 × Type 2
Maksimum güç: 22.0 kW
Şarj ağı işletmecisi: AUTOVOLT ENERJİ TEKNOLOJİ SİSTEMLERİ İTHALAT İHRACAT SANAYİ VE TİCARET LİMİTED ŞİRKETİ
İstasyon no: ŞRJ/17838"
MTM Konaklama,"MTM Konaklama, Çiftlikköy Mahallesi 3204 Sokak No 1A Yenişehir, Mersin, Mersin, Türkiye","Çiftlikköy Mahallesi 3204 Sokak No 1A Yenişehir, Mersin",Yenişehir,AUTOVOLT,AC,2,0,2 × Type 2,22.0,AUTOVOLT ENERJİ TEKNOLOJİ SİSTEMLERİ İTHALAT İHRACAT SANAYİ VE TİCARET LİMİTED ŞİRKETİ,ŞRJ/17854,"Marka: AUTOVOLT
İlçe: Yenişehir
Şarj tipi: AC
Soketler: 2 × Type 2
Maksimum güç: 22.0 kW
Şarj ağı işletmecisi: AUTOVOLT ENERJİ TEKNOLOJİ SİSTEMLERİ İTHALAT İHRACAT SANAYİ VE TİCARET LİMİTED ŞİRKETİ
İstasyon no: ŞRJ/17854"
Akcanlar Shell Karacailyas,"Akcanlar Shell Karacailyas, Karacailyas Emek Mahallesi No 1/2A Akdeniz, Mersin, Mersin, Türkiye","Karacailyas Emek Mahallesi No 1/2A Akdeniz, Mersin",Akdeniz,EN YAKIT,DC,0,2,2 × CCS,180.0,EN YAKIT ANONİM ŞİRKETİ,ŞRJ/17958,"Marka: EN YAKIT
İlçe: Akdeniz
Şarj tipi: DC
Soketler: 2 × CCS
Maksimum güç: 180.0 kW
Şarj ağı işletmecisi: EN YAKIT ANONİM ŞİRKETİ
İstasyon no: ŞRJ/17958"
ASTORŞARJ MUT ÖZŞAHİNLER,"ASTORŞARJ MUT ÖZŞAHİNLER, Ortaköy Mahallesi 123 Sokak Mut, Mersin, Mersin, Türkiye","Ortaköy Mahallesi 123 Sokak Mut, Mersin",Mut,ASTOR,DC,0,2,2 × CCS,180.0,ASTOR ENERJİ ANONİM ŞİRKETİ,ŞRJ/17998,"Marka: ASTOR
İlçe: Mut
Şarj tipi: DC
Soketler: 2 × CCS
Maksimum güç: 180.0 kW
Şarj ağı işletmecisi: ASTOR ENERJİ ANONİM ŞİRKETİ
İstasyon no: ŞRJ/17998"
Öztürkler Petrol Adana Yönü,"Öztürkler Petrol Adana Yönü, Sayköy Mahallesi Sayköy Sokak No 202 Tarsus, Mersin, Mersin, Türkiye","Sayköy Mahallesi Sayköy Sokak No 202 Tarsus, Mersin",Tarsus,zes,DC,0,4,4 × CCS,400.0,ZES DİJİTAL TİCARET ANONİM ŞİRKETİ,ŞRJ/18091,"Marka: zes
İlçe: Tarsus
Şarj tipi: DC
Soketler: 4 × CCS
Maksimum güç: 400.0 kW
Şarj ağı işletmecisi: ZES DİJİTAL TİCARET ANONİM ŞİRKETİ
İstasyon no: ŞRJ/18091"
Aydoğdu Opet Mezitli,"Aydoğdu Opet Mezitli, Yeni Mahallesi No 730/A Mezitli, Mersin, Mersin, Türkiye","Yeni Mahallesi No 730/A Mezitli, Mersin",Mezitli,zes,DC,0,2,2 × CCS,60.0,ZES DİJİTAL TİCARET ANONİM ŞİRKETİ,ŞRJ/18154,"Marka: zes
İlçe: Mezitli
Şarj tipi: DC
Soketler: 2 × CCS
Maksimum güç: 60.0 kW
Şarj ağı işletmecisi: ZES DİJİTAL TİCARET ANONİM ŞİRKETİ
İstasyon no: ŞRJ/18154"
"Sarnıç Gıda, Mersin","Sarnıç Gıda, Mersin, Darısekisi Mahallesi 113 Sokak No 145 Toroslar, Mersin, Mersin, Türkiye","Darısekisi Mahallesi 113 Sokak No 145 Toroslar, Mersin",Toroslar,eşarj,AC,2,0,2 × Type 2,22.0,EŞARJ ELEKTRİKLİ ARAÇLAR ŞARJ SİSTEMLERİ ANONİM ŞİRKETİ,ŞRJ/18199,"Marka: eşarj
İlçe: Toroslar
Şarj tipi: AC
Soketler: 2 × Type 2
Maksimum güç: 22.0 kW
Şarj ağı işletmecisi: EŞARJ ELEKTRİKLİ ARAÇLAR ŞARJ SİSTEMLERİ ANONİM ŞİRKETİ
İstasyon no: ŞRJ/18199"
ASTORŞARJ ANAMUR TEZCANLAR PETROL,"ASTORŞARJ ANAMUR TEZCANLAR PETROL, Bahçelievler Mahallesi Antalya Yolu Sokak Anamur, Mersin, Mersin, Türkiye","Bahçelievler Mahallesi Antalya Yolu Sokak Anamur, Mersin",Anamur,ASTOR,DC,0,2,2 × CCS,400.0,ASTOR ENERJİ ANONİM ŞİRKETİ,ŞRJ/18277,"Marka: ASTOR
İlçe: Anamur
Şarj tipi: DC
Soketler: 2 × CCS
Maksimum güç: 400.0 kW
Şarj ağı işletmecisi: ASTOR ENERJİ ANONİM ŞİRKETİ
İstasyon no: ŞRJ/18277"
"FN Tarım, Seyhan - DC","FN Tarım, Seyhan - DC, Akdere Mahallesi (cumhuriyet)/11 Sokak No 6/1 Merkez Silifke, Mersin, Mersin, Türkiye","Akdere Mahallesi (cumhuriyet)/11 Sokak No 6/1 Merkez Silifke, Mersin",Silifke,Otopriz,DC,0,2,2 × CCS,120.0,DİCLE KÖK ENERJİ YATIRIM ANONİM ŞİRKETİ,ŞRJ/18306,"Marka: Otopriz
İlçe: Silifke
Şarj tipi: DC
Soketler: 2 × CCS
Maksimum güç: 120.0 kW
Şarj ağı işletmecisi: DİCLE KÖK ENERJİ YATIRIM ANONİM ŞİRKETİ
İstasyon no: ŞRJ/18306"
ÖZTÜRKLER PETROL ZİYARETTEPE (K),"ÖZTÜRKLER PETROL ZİYARETTEPE (K), Sayköy Mahallesi Sayköy Sokak No 202/C Tarsus, Mersin, Mersin, Türkiye","Sayköy Mahallesi Sayköy Sokak No 202/C Tarsus, Mersin",Tarsus,ovolt,DC,0,2,2 × CCS,200.0,OVOLT ŞARJ TEKNOLOJİLERİ SANAYİ VE TİCARET ANONİM ŞİRKETİ,ŞRJ/18340,"Marka: ovolt
İlçe: Tarsus
Şarj tipi: DC
Soketler: 2 × CCS
Maksimum güç: 200.0 kW
Şarj ağı işletmecisi: OVOLT ŞARJ TEKNOLOJİLERİ SANAYİ VE TİCARET ANONİM ŞİRKETİ
İstasyon no: ŞRJ/18340"
Aldo Mersin - Audi,"Aldo Mersin - Audi, 75.yıl Mahallesi No 899b Mezitli, Mersin, Mersin, Türkiye","75.yıl Mahallesi No 899b Mezitli, Mersin",Mezitli,D-Charge,AC + DC,2,2,"2 × CCS, 2 × Type 2",120.0,DOĞUŞ ŞARJ SİSTEMLERİ PAZARLAMA VE TİCARET ANONİM ŞİRKETİ,ŞRJ/10370,"Marka: D-Charge
İlçe: Mezitli
Şarj tipi: AC + DC
Soketler: 2 × CCS, 2 × Type 2
Maksimum güç: 120.0 kW
Şarj ağı işletmecisi: DOĞUŞ ŞARJ SİSTEMLERİ PAZARLAMA VE TİCARET ANONİM ŞİRKETİ
İstasyon no: ŞRJ/10370"
Opat Tarsus - Volkswagen,"Opat Tarsus - Volkswagen, Fevzi Çakmak Mahallesi Sait Emin Polat Caddesi No 317 Tarsus, Mersin, Mersin, Türkiye","Fevzi Çakmak Mahallesi Sait Emin Polat Caddesi No 317 Tarsus, Mersin",Tarsus,D-Charge,AC + DC,1,2,"2 × CCS, 1 × Type 2",180.0,DOĞUŞ ŞARJ SİSTEMLERİ PAZARLAMA VE TİCARET ANONİM ŞİRKETİ,ŞRJ/14989,"Marka: D-Charge
İlçe: Tarsus
Şarj tipi: AC + DC
Soketler: 2 × CCS, 1 × Type 2
Maksimum güç: 180.0 kW
Şarj ağı işletmecisi: DOĞUŞ ŞARJ SİSTEMLERİ PAZARLAMA VE TİCARET ANONİM ŞİRKETİ
İstasyon no: ŞRJ/14989"
Ata Tenis Kompleksi,"Ata Tenis Kompleksi, Limonluk Mahallesi İstemihan Talay Sokak No 11/a Yenişehir, Mersin, Mersin, Türkiye","Limonluk Mahallesi İstemihan Talay Sokak No 11/a Yenişehir, Mersin",Yenişehir,Electrise,DC,0,1,1 × CCS,30.0,CHARGE TEKNOLOJİ SANAYİ VE TİCARET ANONİM ŞİRKETİ,ŞRJ/18421,"Marka: Electrise
İlçe: Yenişehir
Şarj tipi: DC
Soketler: 1 × CCS
Maksimum güç: 30.0 kW
Şarj ağı işletmecisi: CHARGE TEKNOLOJİ SANAYİ VE TİCARET ANONİM ŞİRKETİ
İstasyon no: ŞRJ/18421"
Medicana Modern Bilimler Akademisi,"Medicana Modern Bilimler Akademisi, Hürriyet Mahallesi 1731 Sokak No 10/A Yenişehir, Mersin, Mersin, Türkiye","Hürriyet Mahallesi 1731 Sokak No 10/A Yenişehir, Mersin",Yenişehir,EN YAKIT,DC,0,2,2 × CCS,180.0,EN YAKIT ANONİM ŞİRKETİ,ŞRJ/16068,"Marka: EN YAKIT
İlçe: Yenişehir
Şarj tipi: DC
Soketler: 2 × CCS
Maksimum güç: 180.0 kW
Şarj ağı işletmecisi: EN YAKIT ANONİM ŞİRKETİ
İstasyon no: ŞRJ/16068"
Opat Mersin - Volkswagen,"Opat Mersin - Volkswagen, Akdeniz Mahallesi No 990A Mezitli, Mersin, Mersin, Türkiye","Akdeniz Mahallesi No 990A Mezitli, Mersin",Mezitli,D-Charge,AC + DC,1,2,"2 × CCS, 1 × Type 2",180.0,DOĞUŞ ŞARJ SİSTEMLERİ PAZARLAMA VE TİCARET ANONİM ŞİRKETİ,ŞRJ/13572,"Marka: D-Charge
İlçe: Mezitli
Şarj tipi: AC + DC
Soketler: 2 × CCS, 1 × Type 2
Maksimum güç: 180.0 kW
Şarj ağı işletmecisi: DOĞUŞ ŞARJ SİSTEMLERİ PAZARLAMA VE TİCARET ANONİM ŞİRKETİ
İstasyon no: ŞRJ/13572"
Opet Öztürkler Mersin Yönü,"Opet Öztürkler Mersin Yönü, Sayköy Mahallesi Sayköy Sokak No 21 Tarsus, Mersin, Mersin, Türkiye","Sayköy Mahallesi Sayköy Sokak No 21 Tarsus, Mersin",Tarsus,wat mobilite,DC,0,4,4 × CCS,180.0,WAT MOBİLİTE ÇÖZÜMLERİ TEKNOLOJİ VE TİCARET ANONİM ŞİRKETİ,ŞRJ/18804,"Marka: wat mobilite
İlçe: Tarsus
Şarj tipi: DC
Soketler: 4 × CCS
Maksimum güç: 180.0 kW
Şarj ağı işletmecisi: WAT MOBİLİTE ÇÖZÜMLERİ TEKNOLOJİ VE TİCARET ANONİM ŞİRKETİ
İstasyon no: ŞRJ/18804"
Opet Öztürkler Adana Yönü,"Opet Öztürkler Adana Yönü, Sayköy Mahallesi Sayköy Sokak Tarsus, Mersin, Mersin, Türkiye","Sayköy Mahallesi Sayköy Sokak Tarsus, Mersin",Tarsus,wat mobilite,DC,0,4,4 × CCS,180.0,WAT MOBİLİTE ÇÖZÜMLERİ TEKNOLOJİ VE TİCARET ANONİM ŞİRKETİ,ŞRJ/18805,"Marka: wat mobilite
İlçe: Tarsus
Şarj tipi: DC
Soketler: 4 × CCS
Maksimum güç: 180.0 kW
Şarj ağı işletmecisi: WAT MOBİLİTE ÇÖZÜMLERİ TEKNOLOJİ VE TİCARET ANONİM ŞİRKETİ
İstasyon no: ŞRJ/18805"
Marina Prestige Otel,"Marina Prestige Otel, Taşucu Mahallesi Palmiye Sokak Silifke, Mersin, Mersin, Türkiye","Taşucu Mahallesi Palmiye Sokak Silifke, Mersin",Silifke,Trugo,DC,0,2,2 × CCS,240.0,TRUGO AKILLI ŞARJ ÇÖZÜMLERİ SANAYİ VE TİCARET ANONİM ŞİRKETİ,ŞRJ/18892,"Marka: Trugo
İlçe: Silifke
Şarj tipi: DC
Soketler: 2 × CCS
Maksimum güç: 240.0 kW
Şarj ağı işletmecisi: TRUGO AKILLI ŞARJ ÇÖZÜMLERİ SANAYİ VE TİCARET ANONİM ŞİRKETİ
İstasyon no: ŞRJ/18892"
Sunpet Ufuk Petrol,"Sunpet Ufuk Petrol, Ortaköy Mahallesi Mersin Karaman Yolu Sokak No 0 Merkez, Mersin, Mersin, Türkiye","Ortaköy Mahallesi Mersin Karaman Yolu Sokak No 0 Merkez, Mersin",,wat mobilite,DC,0,2,2 × CCS,180.0,WAT MOBİLİTE ÇÖZÜMLERİ TEKNOLOJİ VE TİCARET ANONİM ŞİRKETİ,ŞRJ/16293,"Marka: wat mobilite
İlçe: Belirsiz
Şarj tipi: DC
Soketler: 2 × CCS
Maksimum güç: 180.0 kW
Şarj ağı işletmecisi: WAT MOBİLİTE ÇÖZÜMLERİ TEKNOLOJİ VE TİCARET ANONİM ŞİRKETİ
İstasyon no: ŞRJ/16293"
Suphi Öner Öğretmenevi,"Suphi Öner Öğretmenevi, Dumlupınar Mahallesi 1524 Sokak No 1 Yenişehir, Mersin, Mersin, Türkiye","Dumlupınar Mahallesi 1524 Sokak No 1 Yenişehir, Mersin",Yenişehir,Trugo,DC,0,2,2 × CCS,180.0,TRUGO AKILLI ŞARJ ÇÖZÜMLERİ SANAYİ VE TİCARET ANONİM ŞİRKETİ,ŞRJ/19048,"Marka: Trugo
İlçe: Yenişehir
Şarj tipi: DC
Soketler: 2 × CCS
Maksimum güç: 180.0 kW
Şarj ağı işletmecisi: TRUGO AKILLI ŞARJ ÇÖZÜMLERİ SANAYİ VE TİCARET ANONİM ŞİRKETİ
İstasyon no: ŞRJ/19048"
KAYIKÇIOĞLU TOTAL,"KAYIKÇIOĞLU TOTAL, Arpaçbahşiş Mahallesi 215/1 Sokak No 5/A Erdemli, Mersin, Mersin, Türkiye","Arpaçbahşiş Mahallesi 215/1 Sokak No 5/A Erdemli, Mersin",Erdemli,EN YAKIT,DC,0,2,2 × CCS,180.0,EN YAKIT ANONİM ŞİRKETİ,ŞRJ/11334,"Marka: EN YAKIT
İlçe: Erdemli
Şarj tipi: DC
Soketler: 2 × CCS
Maksimum güç: 180.0 kW
Şarj ağı işletmecisi: EN YAKIT ANONİM ŞİRKETİ
İstasyon no: ŞRJ/11334"
MERİŞ GIDA,"MERİŞ GIDA, Çağdaşkent Mahallesi Mimarsinan Sokak No 59 Toroslar, Mersin, Mersin, Türkiye","Çağdaşkent Mahallesi Mimarsinan Sokak No 59 Toroslar, Mersin",Toroslar,VOLTRUN,AC,1,0,1 × Type 2,22.0,VOLTRUN ENERJİ ANONİM ŞİRKETİ,ŞRJ/3290,"Marka: VOLTRUN
İlçe: Toroslar
Şarj tipi: AC
Soketler: 1 × Type 2
Maksimum güç: 22.0 kW
Şarj ağı işletmecisi: VOLTRUN ENERJİ ANONİM ŞİRKETİ
İstasyon no: ŞRJ/3290"
SAHİL MARTI HOTEL,"SAHİL MARTI HOTEL, Akdeniz Mahallesi Caddesi No 825A Mezitli, Mersin, Mersin, Türkiye","Akdeniz Mahallesi Caddesi No 825A Mezitli, Mersin",Mezitli,VOLTRUN,AC,2,0,2 × Type 2,22.0,VOLTRUN ENERJİ ANONİM ŞİRKETİ,ŞRJ/6442,"Marka: VOLTRUN
İlçe: Mezitli
Şarj tipi: AC
Soketler: 2 × Type 2
Maksimum güç: 22.0 kW
Şarj ağı işletmecisi: VOLTRUN ENERJİ ANONİM ŞİRKETİ
İstasyon no: ŞRJ/6442"
DORAMAR RESORT & AQUA TATİL KÖYÜ,"DORAMAR RESORT & AQUA TATİL KÖYÜ, Kargıpınarı Mahallesi Caddesi 53 Sokak Erdemli, Mersin, Mersin, Türkiye","Kargıpınarı Mahallesi Caddesi 53 Sokak Erdemli, Mersin",Erdemli,VOLTRUN,AC,2,0,2 × Type 2,22.0,VOLTRUN ENERJİ ANONİM ŞİRKETİ,ŞRJ/6477,"Marka: VOLTRUN
İlçe: Erdemli
Şarj tipi: AC
Soketler: 2 × Type 2
Maksimum güç: 22.0 kW
Şarj ağı işletmecisi: VOLTRUN ENERJİ ANONİM ŞİRKETİ
İstasyon no: ŞRJ/6477"
HOTEL LAMOS,"HOTEL LAMOS, Ayaş Mahallesi Atatürk Caddesi No 75 Erdemli, Mersin, Mersin, Türkiye","Ayaş Mahallesi Atatürk Caddesi No 75 Erdemli, Mersin",Erdemli,VOLTRUN,AC,2,0,2 × Type 2,22.0,VOLTRUN ENERJİ ANONİM ŞİRKETİ,ŞRJ/7056,"Marka: VOLTRUN
İlçe: Erdemli
Şarj tipi: AC
Soketler: 2 × Type 2
Maksimum güç: 22.0 kW
Şarj ağı işletmecisi: VOLTRUN ENERJİ ANONİM ŞİRKETİ
İstasyon no: ŞRJ/7056"
HOTEL ANEMURION,"HOTEL ANEMURION, Merkez Mahallesi Alparslan Türkeş Sokak No 1 Bozyazı, Mersin, Mersin, Türkiye","Merkez Mahallesi Alparslan Türkeş Sokak No 1 Bozyazı, Mersin",Bozyazı,VOLTRUN,AC,2,0,2 × Type 2,11.0,VOLTRUN ENERJİ ANONİM ŞİRKETİ,ŞRJ/9987,"Marka: VOLTRUN
İlçe: Bozyazı
Şarj tipi: AC
Soketler: 2 × Type 2
Maksimum güç: 11.0 kW
Şarj ağı işletmecisi: VOLTRUN ENERJİ ANONİM ŞİRKETİ
İstasyon no: ŞRJ/9987"
Forum Yaşam Hastanesi,"Forum Yaşam Hastanesi, Güvenevler Mahallesi 20Caddesi No 48 A Yenişehir, Mersin, Mersin, Türkiye","Güvenevler Mahallesi 20Caddesi No 48 A Yenişehir, Mersin",Yenişehir,Trugo,DC,0,2,2 × CCS,240.0,TRUGO AKILLI ŞARJ ÇÖZÜMLERİ SANAYİ VE TİCARET ANONİM ŞİRKETİ,ŞRJ/19300,"Marka: Trugo
İlçe: Yenişehir
Şarj tipi: DC
Soketler: 2 × CCS
Maksimum güç: 240.0 kW
Şarj ağı işletmecisi: TRUGO AKILLI ŞARJ ÇÖZÜMLERİ SANAYİ VE TİCARET ANONİM ŞİRKETİ
İstasyon no: ŞRJ/19300"
MARPESSA BLUE BEACH OTEL,"MARPESSA BLUE BEACH OTEL, Yeşilovacık Mahallesi Akdeniz Sokak No 167 Silifke, Mersin, Mersin, Türkiye","Yeşilovacık Mahallesi Akdeniz Sokak No 167 Silifke, Mersin",Silifke,VOLTRUN,AC,2,0,2 × Type 2,11.0,VOLTRUN ENERJİ ANONİM ŞİRKETİ,ŞRJ/9985,"Marka: VOLTRUN
İlçe: Silifke
Şarj tipi: AC
Soketler: 2 × Type 2
Maksimum güç: 11.0 kW
Şarj ağı işletmecisi: VOLTRUN ENERJİ ANONİM ŞİRKETİ
İstasyon no: ŞRJ/9985"
ALTIN ORFOZ HOTEL,"ALTIN ORFOZ HOTEL, Atakent Mahallesi 1 Sokak Silifke, Mersin, Mersin, Türkiye","Atakent Mahallesi 1 Sokak Silifke, Mersin",Silifke,VOLTRUN,AC,2,0,2 × Type 2,22.0,VOLTRUN ENERJİ ANONİM ŞİRKETİ,ŞRJ/9748,"Marka: VOLTRUN
İlçe: Silifke
Şarj tipi: AC
Soketler: 2 × Type 2
Maksimum güç: 22.0 kW
Şarj ağı işletmecisi: VOLTRUN ENERJİ ANONİM ŞİRKETİ
İstasyon no: ŞRJ/9748"
ADMİRAL HOTEL,"ADMİRAL HOTEL, Kızkalesi Mahallesi Ali Kiya Sokak No 24/1 Erdemli, Mersin, Mersin, Türkiye","Kızkalesi Mahallesi Ali Kiya Sokak No 24/1 Erdemli, Mersin",Erdemli,VOLTRUN,AC,1,0,1 × Type 2,22.0,VOLTRUN ENERJİ ANONİM ŞİRKETİ,ŞRJ/10352,"Marka: VOLTRUN
İlçe: Erdemli
Şarj tipi: AC
Soketler: 1 × Type 2
Maksimum güç: 22.0 kW
Şarj ağı işletmecisi: VOLTRUN ENERJİ ANONİM ŞİRKETİ
İstasyon no: ŞRJ/10352"
"Otopratik (Doğangü), Mersin","Otopratik (Doğangü), Mersin, Çilek Mahallesi 6397 Sokak No 3 Akdeniz, Mersin, Mersin, Türkiye","Çilek Mahallesi 6397 Sokak No 3 Akdeniz, Mersin",Akdeniz,eşarj,AC + DC,1,2,"2 × CCS, 1 × Type 2",120.0,EŞARJ ELEKTRİKLİ ARAÇLAR ŞARJ SİSTEMLERİ ANONİM ŞİRKETİ,ŞRJ/19483,"Marka: eşarj
İlçe: Akdeniz
Şarj tipi: AC + DC
Soketler: 2 × CCS, 1 × Type 2
Maksimum güç: 120.0 kW
Şarj ağı işletmecisi: EŞARJ ELEKTRİKLİ ARAÇLAR ŞARJ SİSTEMLERİ ANONİM ŞİRKETİ
İstasyon no: ŞRJ/19483"
NAVONA OTEL,"NAVONA OTEL, Dumlupınar Mahallesi No 437/1 Yenişehir, Mersin, Mersin, Türkiye","Dumlupınar Mahallesi No 437/1 Yenişehir, Mersin",Yenişehir,VOLTRUN,AC,1,0,1 × Type 2,22.0,VOLTRUN ENERJİ ANONİM ŞİRKETİ,ŞRJ/11130,"Marka: VOLTRUN
İlçe: Yenişehir
Şarj tipi: AC
Soketler: 1 × Type 2
Maksimum güç: 22.0 kW
Şarj ağı işletmecisi: VOLTRUN ENERJİ ANONİM ŞİRKETİ
İstasyon no: ŞRJ/11130"
Olbamed Hastanesi,"Olbamed Hastanesi, Sarıcalar Mahallesi Desen Sokak No 13 Silifke, Mersin, Mersin, Türkiye","Sarıcalar Mahallesi Desen Sokak No 13 Silifke, Mersin",Silifke,EN YAKIT,DC,0,2,2 × CCS,180.0,EN YAKIT ANONİM ŞİRKETİ,ŞRJ/19813,"Marka: EN YAKIT
İlçe: Silifke
Şarj tipi: DC
Soketler: 2 × CCS
Maksimum güç: 180.0 kW
Şarj ağı işletmecisi: EN YAKIT ANONİM ŞİRKETİ
İstasyon no: ŞRJ/19813"
Opet Thisun,"Opet Thisun, Yeşilovacık Mahallesi Yeşilovacık Caddesi No 53 Silifke, Mersin, Mersin, Türkiye","Yeşilovacık Mahallesi Yeşilovacık Caddesi No 53 Silifke, Mersin",Silifke,wat mobilite,DC,0,8,8 × CCS,180.0,WAT MOBİLİTE ÇÖZÜMLERİ TEKNOLOJİ VE TİCARET ANONİM ŞİRKETİ,ŞRJ/19854,"Marka: wat mobilite
İlçe: Silifke
Şarj tipi: DC
Soketler: 8 × CCS
Maksimum güç: 180.0 kW
Şarj ağı işletmecisi: WAT MOBİLİTE ÇÖZÜMLERİ TEKNOLOJİ VE TİCARET ANONİM ŞİRKETİ
İstasyon no: ŞRJ/19854"
Navona Otel,"Navona Otel, Dumlupınar Mahallesi Gazi Mustafa Kemal Caddesi No 437 Yenişehir, Mersin, Mersin, Türkiye","Dumlupınar Mahallesi Gazi Mustafa Kemal Caddesi No 437 Yenişehir, Mersin",Yenişehir,AUTOVOLT,DC,0,2,2 × CCS,180.0,AUTOVOLT ENERJİ TEKNOLOJİ SİSTEMLERİ İTHALAT İHRACAT SANAYİ VE TİCARET LİMİTED ŞİRKETİ,ŞRJ/19848,"Marka: AUTOVOLT
İlçe: Yenişehir
Şarj tipi: DC
Soketler: 2 × CCS
Maksimum güç: 180.0 kW
Şarj ağı işletmecisi: AUTOVOLT ENERJİ TEKNOLOJİ SİSTEMLERİ İTHALAT İHRACAT SANAYİ VE TİCARET LİMİTED ŞİRKETİ
İstasyon no: ŞRJ/19848"
Borusan Oto Tarsus,"Borusan Oto Tarsus, Yenice Mahallesi Cemal Gürsel Sokak No 160/A Tarsus, Mersin, Mersin, Türkiye","Yenice Mahallesi Cemal Gürsel Sokak No 160/A Tarsus, Mersin",Tarsus,5 şarj,AC + DC,1,4,"3 × CCS, 1 × Type 2, 1 × CHAdeMO",180.0,BORENCO ŞARJ TEKNOLOJİ YATIRIMLARI TİCARET ANONİM ŞİRKETİ,ŞRJ/5390,"Marka: 5 şarj
İlçe: Tarsus
Şarj tipi: AC + DC
Soketler: 3 × CCS, 1 × Type 2, 1 × CHAdeMO
Maksimum güç: 180.0 kW
Şarj ağı işletmecisi: BORENCO ŞARJ TEKNOLOJİ YATIRIMLARI TİCARET ANONİM ŞİRKETİ
İstasyon no: ŞRJ/5390"
MAY LAYF PLAZA,"MAY LAYF PLAZA, Ergenekon Mahallesi No 5 / 2 Tarsus, Mersin, Mersin, Türkiye","Ergenekon Mahallesi No 5 / 2 Tarsus, Mersin",Tarsus,BÖLGEM mobilite,DC,0,4,4 × CCS,120.0,BÖLGEM MÜHENDİSLİK İNŞAAT ELEKTRİK MAKİNE SANAYİ VE TİCARET LİMİTED ŞİRKETİ,ŞRJ/20004,"Marka: BÖLGEM mobilite
İlçe: Tarsus
Şarj tipi: DC
Soketler: 4 × CCS
Maksimum güç: 120.0 kW
Şarj ağı işletmecisi: BÖLGEM MÜHENDİSLİK İNŞAAT ELEKTRİK MAKİNE SANAYİ VE TİCARET LİMİTED ŞİRKETİ
İstasyon no: ŞRJ/20004"
"Acem Mobilya, Mezitli - DC","Acem Mobilya, Mezitli - DC, Yeni Mahallesi No 716 Mezitli, Mersin, Mersin, Türkiye","Yeni Mahallesi No 716 Mezitli, Mersin",Mezitli,Otopriz,DC,0,2,2 × CCS,120.0,DİCLE KÖK ENERJİ YATIRIM ANONİM ŞİRKETİ,ŞRJ/20006,"Marka: Otopriz
İlçe: Mezitli
Şarj tipi: DC
Soketler: 2 × CCS
Maksimum güç: 120.0 kW
Şarj ağı işletmecisi: DİCLE KÖK ENERJİ YATIRIM ANONİM ŞİRKETİ
İstasyon no: ŞRJ/20006"
GÖK YAKA MALL & OFFICE İŞ MERKEZİ,"GÖK YAKA MALL & OFFICE İŞ MERKEZİ, 50. Yıl Mahallesi 2756 Sokak No 2/B Yenişehir, Mersin, Mersin, Türkiye","50. Yıl Mahallesi 2756 Sokak No 2/B Yenişehir, Mersin",Yenişehir,ovolt,DC,0,4,4 × CCS,180.0,OVOLT ŞARJ TEKNOLOJİLERİ SANAYİ VE TİCARET ANONİM ŞİRKETİ,ŞRJ/20008,"Marka: ovolt
İlçe: Yenişehir
Şarj tipi: DC
Soketler: 4 × CCS
Maksimum güç: 180.0 kW
Şarj ağı işletmecisi: OVOLT ŞARJ TEKNOLOJİLERİ SANAYİ VE TİCARET ANONİM ŞİRKETİ
İstasyon no: ŞRJ/20008"
MİGROS MERKEZ MAH MEZİTLİ MERSİN MM,"MİGROS MERKEZ MAH MEZİTLİ MERSİN MM, Merkez Mahallesi No 792A Mezitli, Mersin, Mersin, Türkiye","Merkez Mahallesi No 792A Mezitli, Mersin",Mezitli,MİGGO,AC,1,0,1 × Type 2,22.0,MİGEN ENERJİ VE ELEKTRİKLİ ARAÇ ŞARJ HİZMETLERİ ANONİM ŞİRKETİ,ŞRJ/20132,"Marka: MİGGO
İlçe: Mezitli
Şarj tipi: AC
Soketler: 1 × Type 2
Maksimum güç: 22.0 kW
Şarj ağı işletmecisi: MİGEN ENERJİ VE ELEKTRİKLİ ARAÇ ŞARJ HİZMETLERİ ANONİM ŞİRKETİ
İstasyon no: ŞRJ/20132"
TIRMIL (ÇOKGÜN OTOMOTİV)#BLUE ENERJİ#,"TIRMIL (ÇOKGÜN OTOMOTİV)#BLUE ENERJİ#, Çilek Mahallesi 63117 Sokak No 2/3 Tırmıl Sanayi Sitesi Akdeniz, Mersin, Mersin, Türkiye","Çilek Mahallesi 63117 Sokak No 2/3 Tırmıl Sanayi Sitesi Akdeniz, Mersin",Akdeniz,ŞarjMatik,AC,1,0,1 × Type 2,7.5,ŞARJMATİK ENERJİ BİLİŞİM LİMİTED ŞİRKETİ,ŞRJ/4936,"Marka: ŞarjMatik
İlçe: Akdeniz
Şarj tipi: AC
Soketler: 1 × Type 2
Maksimum güç: 7.5 kW
Şarj ağı işletmecisi: ŞARJMATİK ENERJİ BİLİŞİM LİMİTED ŞİRKETİ
İstasyon no: ŞRJ/4936"
"Erçağ Dinlenme Tesisi, Mersin","Erçağ Dinlenme Tesisi, Mersin, Tekmen Mahallesi Mersin Antalya Yolu Bozyazı, Mersin, Mersin, Türkiye","Tekmen Mahallesi Mersin Antalya Yolu Bozyazı, Mersin",Bozyazı,eşarj,DC,0,2,2 × CCS,120.0,EŞARJ ELEKTRİKLİ ARAÇLAR ŞARJ SİSTEMLERİ ANONİM ŞİRKETİ,ŞRJ/17589,"Marka: eşarj
İlçe: Bozyazı
Şarj tipi: DC
Soketler: 2 × CCS
Maksimum güç: 120.0 kW
Şarj ağı işletmecisi: EŞARJ ELEKTRİKLİ ARAÇLAR ŞARJ SİSTEMLERİ ANONİM ŞİRKETİ
İstasyon no: ŞRJ/17589"
La Bella Taşucu Kapalı Otopark,"La Bella Taşucu Kapalı Otopark, Taşucu Mahallesi No 51/A Silifke, Mersin, Mersin, Türkiye","Taşucu Mahallesi No 51/A Silifke, Mersin",Silifke,POWERŞARJ,AC,2,0,2 × Type 2,11.0,WHITE ROSE MOTOR SANAYİ VE OTOMASYON TİCARET LİMİTED ŞİRKETİ,ŞRJ/20422,"Marka: POWERŞARJ
İlçe: Silifke
Şarj tipi: AC
Soketler: 2 × Type 2
Maksimum güç: 11.0 kW
Şarj ağı işletmecisi: WHITE ROSE MOTOR SANAYİ VE OTOMASYON TİCARET LİMİTED ŞİRKETİ
İstasyon no: ŞRJ/20422"
GRAND BULUT HOTEL,"GRAND BULUT HOTEL, Mithatpaşa Mahallesi Gazi Mustafa Kemal Sokak No 73 Akdeniz, Mersin, Mersin, Türkiye","Mithatpaşa Mahallesi Gazi Mustafa Kemal Sokak No 73 Akdeniz, Mersin",Akdeniz,ŞarjMatik,AC,2,0,2 × Type 2,11.0,ŞARJMATİK ENERJİ BİLİŞİM LİMİTED ŞİRKETİ,ŞRJ/12082,"Marka: ŞarjMatik
İlçe: Akdeniz
Şarj tipi: AC
Soketler: 2 × Type 2
Maksimum güç: 11.0 kW
Şarj ağı işletmecisi: ŞARJMATİK ENERJİ BİLİŞİM LİMİTED ŞİRKETİ
İstasyon no: ŞRJ/12082"
CUMHURİYET EVLER#BLUE ENERJİ#,"CUMHURİYET EVLER#BLUE ENERJİ#, Korukent Mahallesi 96108 Sokak No 4 /6 Toroslar, Mersin, Mersin, Türkiye","Korukent Mahallesi 96108 Sokak No 4 /6 Toroslar, Mersin",Toroslar,ŞarjMatik,AC,2,0,2 × Type 2,5.0,ŞARJMATİK ENERJİ BİLİŞİM LİMİTED ŞİRKETİ,ŞRJ/6582,"Marka: ŞarjMatik
İlçe: Toroslar
Şarj tipi: AC
Soketler: 2 × Type 2
Maksimum güç: 5.0 kW
Şarj ağı işletmecisi: ŞARJMATİK ENERJİ BİLİŞİM LİMİTED ŞİRKETİ
İstasyon no: ŞRJ/6582"
GENÇ FIRIN #BLEU ENERJİ#,"GENÇ FIRIN #BLEU ENERJİ#, Bekirde Mahallesi Atatürk-6 Caddesi No 4 Akdeniz, Mersin, Mersin, Türkiye","Bekirde Mahallesi Atatürk-6 Caddesi No 4 Akdeniz, Mersin",Akdeniz,ŞarjMatik,AC,2,0,2 × Type 2,7.4,ŞARJMATİK ENERJİ BİLİŞİM LİMİTED ŞİRKETİ,ŞRJ/4734,"Marka: ŞarjMatik
İlçe: Akdeniz
Şarj tipi: AC
Soketler: 2 × Type 2
Maksimum güç: 7.4 kW
Şarj ağı işletmecisi: ŞARJMATİK ENERJİ BİLİŞİM LİMİTED ŞİRKETİ
İstasyon no: ŞRJ/4734"
SEA TOWER #BLUE ENERJİ#,"SEA TOWER #BLUE ENERJİ#, Yeni Mahallesi Atatürk-6 Caddesi 5344 Sokak No 4 Akdeniz, Mersin, Mersin, Türkiye","Yeni Mahallesi Atatürk-6 Caddesi 5344 Sokak No 4 Akdeniz, Mersin",Akdeniz,ŞarjMatik,AC + DC,1,2,"2 × CCS, 1 × Type 2",60.0,ŞARJMATİK ENERJİ BİLİŞİM LİMİTED ŞİRKETİ,ŞRJ/5182,"Marka: ŞarjMatik
İlçe: Akdeniz
Şarj tipi: AC + DC
Soketler: 2 × CCS, 1 × Type 2
Maksimum güç: 60.0 kW
Şarj ağı işletmecisi: ŞARJMATİK ENERJİ BİLİŞİM LİMİTED ŞİRKETİ
İstasyon no: ŞRJ/5182"
MEMOİL(DAVULTEPE EVOPET)#BLUE ENERJİ#,"MEMOİL(DAVULTEPE EVOPET)#BLUE ENERJİ#, Akdeniz Mahallesi No 988 Mezitli, Mersin, Mersin, Türkiye","Akdeniz Mahallesi No 988 Mezitli, Mersin",Mezitli,ŞarjMatik,AC,2,0,2 × Type 2,7.4,ŞARJMATİK ENERJİ BİLİŞİM LİMİTED ŞİRKETİ,ŞRJ/4524,"Marka: ŞarjMatik
İlçe: Mezitli
Şarj tipi: AC
Soketler: 2 × Type 2
Maksimum güç: 7.4 kW
Şarj ağı işletmecisi: ŞARJMATİK ENERJİ BİLİŞİM LİMİTED ŞİRKETİ
İstasyon no: ŞRJ/4524"
KAYIKÇIOĞLU MAVİDA TERRACE,"KAYIKÇIOĞLU MAVİDA TERRACE, Arpaçbahşiş Mahallesi 203 Sokak No 15 Erdemli, Mersin, Mersin, Türkiye","Arpaçbahşiş Mahallesi 203 Sokak No 15 Erdemli, Mersin",Erdemli,EN YAKIT,DC,0,2,2 × CCS,180.0,EN YAKIT ANONİM ŞİRKETİ,ŞRJ/14689,"Marka: EN YAKIT
İlçe: Erdemli
Şarj tipi: DC
Soketler: 2 × CCS
Maksimum güç: 180.0 kW
Şarj ağı işletmecisi: EN YAKIT ANONİM ŞİRKETİ
İstasyon no: ŞRJ/14689"
Mersin- Yenişehir- Akdeniz İhracatçı Birlikleri Genel Sekreterliği Otoparkı,"Mersin- Yenişehir- Akdeniz İhracatçı Birlikleri Genel Sekreterliği Otoparkı, Limonluk Mahallesi 39 Sokak No 12 Merkez Bucak Yenişehir, Mersin, Mersin, Türkiye","Limonluk Mahallesi 39 Sokak No 12 Merkez Bucak Yenişehir, Mersin",Yenişehir,VOLTGO,DC,0,2,2 × CCS,160.0,VOLTGO ŞARJ HİZMETLERİ ANONİM ŞİRKETİ,ŞRJ/20491,"Marka: VOLTGO
İlçe: Yenişehir
Şarj tipi: DC
Soketler: 2 × CCS
Maksimum güç: 160.0 kW
Şarj ağı işletmecisi: VOLTGO ŞARJ HİZMETLERİ ANONİM ŞİRKETİ
İstasyon no: ŞRJ/20491"
"Algül Petrol, Mezitli - DC","Algül Petrol, Mezitli - DC, 75. Yıl Mahallesi No 1060 Mezitli, Mersin, Mersin, Türkiye","75. Yıl Mahallesi No 1060 Mezitli, Mersin",Mezitli,Otopriz,DC,0,2,2 × CCS,120.0,DİCLE KÖK ENERJİ YATIRIM ANONİM ŞİRKETİ,ŞRJ/17136,"Marka: Otopriz
İlçe: Mezitli
Şarj tipi: DC
Soketler: 2 × CCS
Maksimum güç: 120.0 kW
Şarj ağı işletmecisi: DİCLE KÖK ENERJİ YATIRIM ANONİM ŞİRKETİ
İstasyon no: ŞRJ/17136"
"Akdemirler Petrol, Tarsus - DC","Akdemirler Petrol, Tarsus - DC, Yarbay Şemsettin Mahallesi Aksaray Yolu Sokak Tarsus, Mersin, Mersin, Türkiye","Yarbay Şemsettin Mahallesi Aksaray Yolu Sokak Tarsus, Mersin",Tarsus,Otopriz,DC,0,2,2 × CCS,120.0,DİCLE KÖK ENERJİ YATIRIM ANONİM ŞİRKETİ,ŞRJ/13476,"Marka: Otopriz
İlçe: Tarsus
Şarj tipi: DC
Soketler: 2 × CCS
Maksimum güç: 120.0 kW
Şarj ağı işletmecisi: DİCLE KÖK ENERJİ YATIRIM ANONİM ŞİRKETİ
İstasyon no: ŞRJ/13476"
Oasis Güney Sitesi,"Oasis Güney Sitesi, 50. Yıl Mahallesi 76 Sokak No 4 Yenişehir, Mersin, Mersin, Türkiye","50. Yıl Mahallesi 76 Sokak No 4 Yenişehir, Mersin",Yenişehir,zes,AC,2,0,2 × Type 2,22.0,ZES DİJİTAL TİCARET ANONİM ŞİRKETİ,ŞRJ/20536,"Marka: zes
İlçe: Yenişehir
Şarj tipi: AC
Soketler: 2 × Type 2
Maksimum güç: 22.0 kW
Şarj ağı işletmecisi: ZES DİJİTAL TİCARET ANONİM ŞİRKETİ
İstasyon no: ŞRJ/20536"
Oasis Kuzey Sitesi,"Oasis Kuzey Sitesi, 50. Yıl Mahallesi 2754 Sokak No 7A Yenişehir, Mersin, Mersin, Türkiye","50. Yıl Mahallesi 2754 Sokak No 7A Yenişehir, Mersin",Yenişehir,zes,AC,2,0,2 × Type 2,22.0,ZES DİJİTAL TİCARET ANONİM ŞİRKETİ,ŞRJ/20537,"Marka: zes
İlçe: Yenişehir
Şarj tipi: AC
Soketler: 2 × Type 2
Maksimum güç: 22.0 kW
Şarj ağı işletmecisi: ZES DİJİTAL TİCARET ANONİM ŞİRKETİ
İstasyon no: ŞRJ/20537"
GIOev - Mersin - ERC Petrol,"GIOev - Mersin - ERC Petrol, Yenice Mahallesi Stadyum Caddesi No 57 Köyiçi Tarsus, Mersin, Mersin, Türkiye","Yenice Mahallesi Stadyum Caddesi No 57 Köyiçi Tarsus, Mersin",Tarsus,GIOEV,DC,0,2,2 × CCS,300.0,GİOEV ŞARJ İSTASYONLARI İŞLETMELERİ ANONİM ŞİRKETİ,ŞRJ/3233,"Marka: GIOEV
İlçe: Tarsus
Şarj tipi: DC
Soketler: 2 × CCS
Maksimum güç: 300.0 kW
Şarj ağı işletmecisi: GİOEV ŞARJ İSTASYONLARI İŞLETMELERİ ANONİM ŞİRKETİ
İstasyon no: ŞRJ/3233"
GIOev - Mersin - Silifke - Taşucu Park,"GIOev - Mersin - Silifke - Taşucu Park, Taşucu Mahallesi Atatürk BulvCaddesi No 19 Silifke, Mersin, Mersin, Türkiye","Taşucu Mahallesi Atatürk BulvCaddesi No 19 Silifke, Mersin",Silifke,GIOEV,DC,0,2,2 × CCS,300.0,GİOEV ŞARJ İSTASYONLARI İŞLETMELERİ ANONİM ŞİRKETİ,ŞRJ/3237,"Marka: GIOEV
İlçe: Silifke
Şarj tipi: DC
Soketler: 2 × CCS
Maksimum güç: 300.0 kW
Şarj ağı işletmecisi: GİOEV ŞARJ İSTASYONLARI İŞLETMELERİ ANONİM ŞİRKETİ
İstasyon no: ŞRJ/3237"
GIOev - Mersin - ERC Petrol AC,"GIOev - Mersin - ERC Petrol AC, Yenice Mahallesi Cemal Gürsel Sokak No 57/A Tarsus, Mersin, Mersin, Türkiye","Yenice Mahallesi Cemal Gürsel Sokak No 57/A Tarsus, Mersin",Tarsus,GIOEV,AC,2,0,2 × Type 2,22.0,GİOEV ŞARJ İSTASYONLARI İŞLETMELERİ ANONİM ŞİRKETİ,ŞRJ/19744,"Marka: GIOEV
İlçe: Tarsus
Şarj tipi: AC
Soketler: 2 × Type 2
Maksimum güç: 22.0 kW
Şarj ağı işletmecisi: GİOEV ŞARJ İSTASYONLARI İŞLETMELERİ ANONİM ŞİRKETİ
İstasyon no: ŞRJ/19744"
BN Hotel Thermal & Wellness,"BN Hotel Thermal & Wellness, Iğdır Mahallesi Iğdır Sokak No 585 / A Akdeniz, Mersin, Mersin, Türkiye","Iğdır Mahallesi Iğdır Sokak No 585 / A Akdeniz, Mersin",Akdeniz,EN YAKIT,DC,0,2,2 × CCS,180.0,EN YAKIT ANONİM ŞİRKETİ,ŞRJ/20587,"Marka: EN YAKIT
İlçe: Akdeniz
Şarj tipi: DC
Soketler: 2 × CCS
Maksimum güç: 180.0 kW
Şarj ağı işletmecisi: EN YAKIT ANONİM ŞİRKETİ
İstasyon no: ŞRJ/20587"
Sunpet Erdemli Şarj İstasyonu,"Sunpet Erdemli Şarj İstasyonu, Arpaçbahşiş Mahallesi No 95-A Erdemli, Mersin, Mersin, Türkiye","Arpaçbahşiş Mahallesi No 95-A Erdemli, Mersin",Erdemli,AUTOVOLT,DC,0,2,2 × CCS,120.0,AUTOVOLT ENERJİ TEKNOLOJİ SİSTEMLERİ İTHALAT İHRACAT SANAYİ VE TİCARET LİMİTED ŞİRKETİ,ŞRJ/20669,"Marka: AUTOVOLT
İlçe: Erdemli
Şarj tipi: DC
Soketler: 2 × CCS
Maksimum güç: 120.0 kW
Şarj ağı işletmecisi: AUTOVOLT ENERJİ TEKNOLOJİ SİSTEMLERİ İTHALAT İHRACAT SANAYİ VE TİCARET LİMİTED ŞİRKETİ
İstasyon no: ŞRJ/20669"
Mersin Arkeoloji Müzesi,"Mersin Arkeoloji Müzesi, Gazi Mahallesi Adnan Menderes Sokak Yenişehir, Mersin, Mersin, Türkiye","Gazi Mahallesi Adnan Menderes Sokak Yenişehir, Mersin",Yenişehir,Trugo,DC,0,2,2 × CCS,120.0,TRUGO AKILLI ŞARJ ÇÖZÜMLERİ SANAYİ VE TİCARET ANONİM ŞİRKETİ,ŞRJ/20682,"Marka: Trugo
İlçe: Yenişehir
Şarj tipi: DC
Soketler: 2 × CCS
Maksimum güç: 120.0 kW
Şarj ağı işletmecisi: TRUGO AKILLI ŞARJ ÇÖZÜMLERİ SANAYİ VE TİCARET ANONİM ŞİRKETİ
İstasyon no: ŞRJ/20682"
Shell Akdeniz,"Shell Akdeniz, Nusratiye Mahallesi Kuvayi Milliye Caddesi No 130A Akdeniz, Mersin, Mersin, Türkiye","Nusratiye Mahallesi Kuvayi Milliye Caddesi No 130A Akdeniz, Mersin",Akdeniz,Trugo,DC,0,2,2 × CCS,150.0,TRUGO AKILLI ŞARJ ÇÖZÜMLERİ SANAYİ VE TİCARET ANONİM ŞİRKETİ,ŞRJ/20834,"Marka: Trugo
İlçe: Akdeniz
Şarj tipi: DC
Soketler: 2 × CCS
Maksimum güç: 150.0 kW
Şarj ağı işletmecisi: TRUGO AKILLI ŞARJ ÇÖZÜMLERİ SANAYİ VE TİCARET ANONİM ŞİRKETİ
İstasyon no: ŞRJ/20834"
MERSİN AYDIN PETROL DC-1,"MERSİN AYDIN PETROL DC-1, Yapıntı Mahallesi Mersin Karaman Yolu Üzeri Sokak No 11 Mut, Mersin, Mersin, Türkiye","Yapıntı Mahallesi Mersin Karaman Yolu Üzeri Sokak No 11 Mut, Mersin",Mut,beefull,DC,0,2,2 × CCS,160.0,BEEFULL ENERJİ TEKNOLOJİLERİ ANONİM ŞİRKETİ,ŞRJ/20841,"Marka: beefull
İlçe: Mut
Şarj tipi: DC
Soketler: 2 × CCS
Maksimum güç: 160.0 kW
Şarj ağı işletmecisi: BEEFULL ENERJİ TEKNOLOJİLERİ ANONİM ŞİRKETİ
İstasyon no: ŞRJ/20841"
Mira Blue OTel,"Mira Blue OTel, Yeni Mahallesi Gazi Mustafa Kemal Bulvarı Caddesi No 663 Mezitli, Mersin, Mersin, Türkiye","Yeni Mahallesi Gazi Mustafa Kemal Bulvarı Caddesi No 663 Mezitli, Mersin",Mezitli,AUTOVOLT,DC,0,2,2 × CCS,120.0,AUTOVOLT ENERJİ TEKNOLOJİ SİSTEMLERİ İTHALAT İHRACAT SANAYİ VE TİCARET LİMİTED ŞİRKETİ,ŞRJ/21063,"Marka: AUTOVOLT
İlçe: Mezitli
Şarj tipi: DC
Soketler: 2 × CCS
Maksimum güç: 120.0 kW
Şarj ağı işletmecisi: AUTOVOLT ENERJİ TEKNOLOJİ SİSTEMLERİ İTHALAT İHRACAT SANAYİ VE TİCARET LİMİTED ŞİRKETİ
İstasyon no: ŞRJ/21063"
ASTORŞARJ ERDEMLİ NOVACİTY AVM,"ASTORŞARJ ERDEMLİ NOVACİTY AVM, Merkez Mahallesi Alparslan Türkeş Sokak No 78 Erdemli, Mersin, Mersin, Türkiye","Merkez Mahallesi Alparslan Türkeş Sokak No 78 Erdemli, Mersin",Erdemli,ASTOR,DC,0,2,2 × CCS,300.0,ASTOR ENERJİ ANONİM ŞİRKETİ,ŞRJ/21169,"Marka: ASTOR
İlçe: Erdemli
Şarj tipi: DC
Soketler: 2 × CCS
Maksimum güç: 300.0 kW
Şarj ağı işletmecisi: ASTOR ENERJİ ANONİM ŞİRKETİ
İstasyon no: ŞRJ/21169"
MERSİN NOBEL OTEL,"MERSİN NOBEL OTEL, Çankaya Mahallesi İstiklal Caddesi İstiklal Sokak No 73 Akdeniz, Mersin, Mersin, Türkiye","Çankaya Mahallesi İstiklal Caddesi İstiklal Sokak No 73 Akdeniz, Mersin",Akdeniz,KES,AC,2,0,2 × Type 2,22.0,KLR ENERJİ SİSTEMLERİ SANAYİ VE TİCARET ANONİM ŞİRKETİ,ŞRJ/21374,"Marka: KES
İlçe: Akdeniz
Şarj tipi: AC
Soketler: 2 × Type 2
Maksimum güç: 22.0 kW
Şarj ağı işletmecisi: KLR ENERJİ SİSTEMLERİ SANAYİ VE TİCARET ANONİM ŞİRKETİ
İstasyon no: ŞRJ/21374"
Forum Suite Otel Şarj İstasyonu,"Forum Suite Otel Şarj İstasyonu, Güvenevler Mahallesi 1912 Sokak No 10 Merkez Yenişehir, Mersin, Mersin, Türkiye","Güvenevler Mahallesi 1912 Sokak No 10 Merkez Yenişehir, Mersin",Yenişehir,ORBİT ENERJİ HAB. TEK. SAN. VE TİC. A.Ş.,AC,2,0,2 × Type 2,22.0,ORBİT ENERJİ HABERLEŞME TEKNOLOJİ SANAYİ VE TİCARET ANONİM ŞİRKETİ,ŞRJ/21397,"Marka: ORBİT ENERJİ HAB. TEK. SAN. VE TİC. A.Ş.
İlçe: Yenişehir
Şarj tipi: AC
Soketler: 2 × Type 2
Maksimum güç: 22.0 kW
Şarj ağı işletmecisi: ORBİT ENERJİ HABERLEŞME TEKNOLOJİ SANAYİ VE TİCARET ANONİM ŞİRKETİ
İstasyon no: ŞRJ/21397"
MERSİN KAR OTEL,"MERSİN KAR OTEL, Üç Ocak Mahallesi 5425 Sokak No 4 Akdeniz, Mersin, Mersin, Türkiye","Üç Ocak Mahallesi 5425 Sokak No 4 Akdeniz, Mersin",Akdeniz,KES,AC,2,0,2 × Type 2,22.0,KLR ENERJİ SİSTEMLERİ SANAYİ VE TİCARET ANONİM ŞİRKETİ,ŞRJ/21607,"Marka: KES
İlçe: Akdeniz
Şarj tipi: AC
Soketler: 2 × Type 2
Maksimum güç: 22.0 kW
Şarj ağı işletmecisi: KLR ENERJİ SİSTEMLERİ SANAYİ VE TİCARET ANONİM ŞİRKETİ
İstasyon no: ŞRJ/21607"
Mersin - Çamlıyayla - Çamlıyayla Belediyesi Otoparkı,"Mersin - Çamlıyayla - Çamlıyayla Belediyesi Otoparkı, Cumayakası Mahallesi Pazar Sokak No 15 Çamlıyayla, Mersin, Mersin, Türkiye","Cumayakası Mahallesi Pazar Sokak No 15 Çamlıyayla, Mersin",Çamlıyayla,VOLTGO,DC,0,1,1 × CCS,60.0,VOLTGO ŞARJ HİZMETLERİ ANONİM ŞİRKETİ,ŞRJ/21936,"Marka: VOLTGO
İlçe: Çamlıyayla
Şarj tipi: DC
Soketler: 1 × CCS
Maksimum güç: 60.0 kW
Şarj ağı işletmecisi: VOLTGO ŞARJ HİZMETLERİ ANONİM ŞİRKETİ
İstasyon no: ŞRJ/21936"
Sultaşa Otel,"Sultaşa Otel, Eğriçam Mahallesi 22107 Sokak No 17 Yenişehir, Mersin, Mersin, Türkiye","Eğriçam Mahallesi 22107 Sokak No 17 Yenişehir, Mersin",Yenişehir,POWERŞARJ,AC + DC,2,2,"2 × CCS, 2 × Type 2",100.0,WHITE ROSE MOTOR SANAYİ VE OTOMASYON TİCARET LİMİTED ŞİRKETİ,ŞRJ/8939,"Marka: POWERŞARJ
İlçe: Yenişehir
Şarj tipi: AC + DC
Soketler: 2 × CCS, 2 × Type 2
Maksimum güç: 100.0 kW
Şarj ağı işletmecisi: WHITE ROSE MOTOR SANAYİ VE OTOMASYON TİCARET LİMİTED ŞİRKETİ
İstasyon no: ŞRJ/8939"
Forum Yaşam Hastanesi,"Forum Yaşam Hastanesi, Güvenevler Mahallesi 20Caddesi No 48 Yenişehir, Mersin, Mersin, Türkiye","Güvenevler Mahallesi 20Caddesi No 48 Yenişehir, Mersin",Yenişehir,POWERŞARJ,DC,0,2,2 × CCS,240.0,WHITE ROSE MOTOR SANAYİ VE OTOMASYON TİCARET LİMİTED ŞİRKETİ,ŞRJ/13489,"Marka: POWERŞARJ
İlçe: Yenişehir
Şarj tipi: DC
Soketler: 2 × CCS
Maksimum güç: 240.0 kW
Şarj ağı işletmecisi: WHITE ROSE MOTOR SANAYİ VE OTOMASYON TİCARET LİMİTED ŞİRKETİ
İstasyon no: ŞRJ/13489"
Forya Otel,"Forya Otel, Kuzeykent Mahallesi 31168 Sokak No 7 Yenişehir, Mersin, Mersin, Türkiye","Kuzeykent Mahallesi 31168 Sokak No 7 Yenişehir, Mersin",Yenişehir,POWERŞARJ,DC,0,2,2 × CCS,160.0,WHITE ROSE MOTOR SANAYİ VE OTOMASYON TİCARET LİMİTED ŞİRKETİ,ŞRJ/18821,"Marka: POWERŞARJ
İlçe: Yenişehir
Şarj tipi: DC
Soketler: 2 × CCS
Maksimum güç: 160.0 kW
Şarj ağı işletmecisi: WHITE ROSE MOTOR SANAYİ VE OTOMASYON TİCARET LİMİTED ŞİRKETİ
İstasyon no: ŞRJ/18821"
Pelit Taşpınar Çamalan Dinlenme Tesisleri Adana Yönü,"Pelit Taşpınar Çamalan Dinlenme Tesisleri Adana Yönü, Yeniköy Mahallesi Yeniköy Merkez Sokak No 65/1A E-90 Tck Üzeri Tarsus, Mersin, Mersin, Türkiye","Yeniköy Mahallesi Yeniköy Merkez Sokak No 65/1A E-90 Tck Üzeri Tarsus, Mersin",Tarsus,Trugo,DC,0,2,2 × CCS,180.0,TRUGO AKILLI ŞARJ ÇÖZÜMLERİ SANAYİ VE TİCARET ANONİM ŞİRKETİ,ŞRJ/16004,"Marka: Trugo
İlçe: Tarsus
Şarj tipi: DC
Soketler: 2 × CCS
Maksimum güç: 180.0 kW
Şarj ağı işletmecisi: TRUGO AKILLI ŞARJ ÇÖZÜMLERİ SANAYİ VE TİCARET ANONİM ŞİRKETİ
İstasyon no: ŞRJ/16004"
DC DENİZHAN 2 1/2 AC DENİZHAN 2 1/2/3,"DC DENİZHAN 2 1/2 AC DENİZHAN 2 1/2/3, Menderes Mahallesi Barbaros Hayrettin Paşa Caddesi No 13 Mezitli, Mersin, Mersin, Türkiye","Menderes Mahallesi Barbaros Hayrettin Paşa Caddesi No 13 Mezitli, Mersin",Mezitli,MYCHARGE,AC + DC,3,2,"2 × CCS, 3 × Type 2",120.0,MANAS İPLİK SANAYİ VE TİCARET ANONİM ŞİRKETİ,ŞRJ/22145,"Marka: MYCHARGE
İlçe: Mezitli
Şarj tipi: AC + DC
Soketler: 2 × CCS, 3 × Type 2
Maksimum güç: 120.0 kW
Şarj ağı işletmecisi: MANAS İPLİK SANAYİ VE TİCARET ANONİM ŞİRKETİ
İstasyon no: ŞRJ/22145"
Mega Petrol,"Mega Petrol, Öğretmenler Mahallesi Sait Polat Sokak No 55 Tarsus, Mersin, Mersin, Türkiye","Öğretmenler Mahallesi Sait Polat Sokak No 55 Tarsus, Mersin",Tarsus,zes,DC,0,4,4 × CCS,400.0,ZES DİJİTAL TİCARET ANONİM ŞİRKETİ,ŞRJ/22247,"Marka: zes
İlçe: Tarsus
Şarj tipi: DC
Soketler: 4 × CCS
Maksimum güç: 400.0 kW
Şarj ağı işletmecisi: ZES DİJİTAL TİCARET ANONİM ŞİRKETİ
İstasyon no: ŞRJ/22247"
"Elite World Resort, Silifke - DC","Elite World Resort, Silifke - DC, Yeşilovacık Mahallesi Akdeniz Sokak Silifke, Mersin, Mersin, Türkiye","Yeşilovacık Mahallesi Akdeniz Sokak Silifke, Mersin",Silifke,Otopriz,DC,0,2,2 × CCS,160.0,DİCLE KÖK ENERJİ YATIRIM ANONİM ŞİRKETİ,ŞRJ/22307,"Marka: Otopriz
İlçe: Silifke
Şarj tipi: DC
Soketler: 2 × CCS
Maksimum güç: 160.0 kW
Şarj ağı işletmecisi: DİCLE KÖK ENERJİ YATIRIM ANONİM ŞİRKETİ
İstasyon no: ŞRJ/22307"
Novacity AVM,"Novacity AVM, Merkez Mahallesi Alparslan Türkeş Sokak No 78 Erdemli, Mersin, Mersin, Türkiye","Merkez Mahallesi Alparslan Türkeş Sokak No 78 Erdemli, Mersin",Erdemli,wat mobilite,DC,0,2,2 × CCS,180.0,WAT MOBİLİTE ÇÖZÜMLERİ TEKNOLOJİ VE TİCARET ANONİM ŞİRKETİ,ŞRJ/15142,"Marka: wat mobilite
İlçe: Erdemli
Şarj tipi: DC
Soketler: 2 × CCS
Maksimum güç: 180.0 kW
Şarj ağı işletmecisi: WAT MOBİLİTE ÇÖZÜMLERİ TEKNOLOJİ VE TİCARET ANONİM ŞİRKETİ
İstasyon no: ŞRJ/15142"
Durmuş Ali Sindel Şarj İstasyonu,"Durmuş Ali Sindel Şarj İstasyonu, Mara Mahallesi Tıkılıtaş Sokak No 268/A Silifke, Mersin, Mersin, Türkiye","Mara Mahallesi Tıkılıtaş Sokak No 268/A Silifke, Mersin",Silifke,ORBİT ENERJİ HAB. TEK. SAN. VE TİC. A.Ş.,DC,0,2,2 × CCS,240.0,ORBİT ENERJİ HABERLEŞME TEKNOLOJİ SANAYİ VE TİCARET ANONİM ŞİRKETİ,ŞRJ/22419,"Marka: ORBİT ENERJİ HAB. TEK. SAN. VE TİC. A.Ş.
İlçe: Silifke
Şarj tipi: DC
Soketler: 2 × CCS
Maksimum güç: 240.0 kW
Şarj ağı işletmecisi: ORBİT ENERJİ HABERLEŞME TEKNOLOJİ SANAYİ VE TİCARET ANONİM ŞİRKETİ
İstasyon no: ŞRJ/22419"
Özel Tarsus MMT Amerikan Hastanesi,"Özel Tarsus MMT Amerikan Hastanesi, Öğretmenler Mahallesi Dumlupınar Caddesi No 3 Tarsus, Mersin, Mersin, Türkiye","Öğretmenler Mahallesi Dumlupınar Caddesi No 3 Tarsus, Mersin",Tarsus,eşarj,DC,0,2,2 × CCS,120.0,EŞARJ ELEKTRİKLİ ARAÇLAR ŞARJ SİSTEMLERİ ANONİM ŞİRKETİ,ŞRJ/10589,"Marka: eşarj
İlçe: Tarsus
Şarj tipi: DC
Soketler: 2 × CCS
Maksimum güç: 120.0 kW
Şarj ağı işletmecisi: EŞARJ ELEKTRİKLİ ARAÇLAR ŞARJ SİSTEMLERİ ANONİM ŞİRKETİ
İstasyon no: ŞRJ/10589"
AC QUEENEBA 6/7/8/9/10/11,"AC QUEENEBA 6/7/8/9/10/11, Kargıpınar Mahallesi Atsız Sokak Erdemli, Mersin, Mersin, Türkiye","Kargıpınar Mahallesi Atsız Sokak Erdemli, Mersin",Erdemli,MYCHARGE,AC,6,0,6 × Type 2,22.0,MANAS İPLİK SANAYİ VE TİCARET ANONİM ŞİRKETİ,ŞRJ/12156,"Marka: MYCHARGE
İlçe: Erdemli
Şarj tipi: AC
Soketler: 6 × Type 2
Maksimum güç: 22.0 kW
Şarj ağı işletmecisi: MANAS İPLİK SANAYİ VE TİCARET ANONİM ŞİRKETİ
İstasyon no: ŞRJ/12156"
